"","seqnames","start","end","width","strand","V4","V5","V6","V7","annotation","geneChr","geneStart","geneEnd","geneLength","geneStrand","geneId","transcriptId","distanceToTSS","ENSEMBL","SYMBOL","GENENAME"
"1","chr5",146861618,146861971,354,"*","Merged-chr5-146861818-11",0,"+",NA,"Distal Intergenic",5,146845416,146847726,2311,1,"68895","uc009ann.1",16202,"ENSMUSG00000029641","Rasl11a","RAS-like, family 11, member A"
"2","chr8",126539575,126540035,461,"*","Merged-chr8-126539798-23",0,"+",NA,"Distal Intergenic",8,126588296,126593436,5141,2,"270110","uc009nyw.2",53401,"ENSMUSG00000051495","Irf2bp2","interferon regulatory factor 2 binding protein 2"
"3","chr11",32061861,32062312,452,"*","Merged-chr11-32062095-48",0,"+",NA,"Distal Intergenic",11,32095259,32101228,5970,2,"104692","uc056ykj.1",38916,"ENSMUSG00000086386","Gm12108","predicted gene 12108"
"4","chr6",71322416,71323193,778,"*","Merged-chr6-71322825-41",0,"+",NA,"Promoter (<=1kb)",6,71322812,71337451,14640,1,"12526","uc009cgp.1",0,"ENSMUSG00000053044","Cd8b1","CD8 antigen, beta chain 1"
"5","chr2",127760564,127760972,409,"*","Merged-chr2-127760760-14",0,"+",NA,"Intron (uc008mfz.2/53885, intron 12 of 19)",2,127740732,127744547,3816,2,"53885","uc008mfy.1",-16017,"ENSMUSG00000027378","Nphp1","nephronophthisis 1 (juvenile) homolog (human)"
"6","chr5",74476446,74477045,600,"*","Merged-chr5-74476772-23",0,"+",NA,"Intron (uc008xtk.3/212986, intron 3 of 8)",5,74204816,74531742,326927,2,"212986","uc008xtk.3",54697,"ENSMUSG00000062110","Scfd2","Sec1 family domain containing 2"
"7","chr16",95869380,95869853,474,"*","Merged-chr16-95869616-44",0,"+",NA,"Intron (uc008acf.1/69776, intron 2 of 3)",16,95831123,95898713,67591,2,"69776","uc008acf.1",28860,"ENSMUSG00000117232","1600002D24Rik","RIKEN cDNA 1600002D24 gene"
"8","chr5",150262583,150263093,511,"*","Merged-chr5-150262822-29",0,"+",NA,"Promoter (2-3kb)",5,150259930,150497753,237824,1,"320365","uc009atv.2",2653,"ENSMUSG00000056602","Fry","FRY microtubule binding protein"
"9","chr15",93581653,93582088,436,"*","Merged-chr15-93581886-25",0,"+",NA,"Intron (uc007xjb.1/106042, intron 1 of 7)",15,93499114,93595891,96778,2,"106042","uc007xjb.1",13803,"ENSMUSG00000036158","Prickle1","prickle planar cell polarity protein 1"
"10","chr7",78451600,78452149,550,"*","Merged-chr7-78451897-56",0,"+",NA,"Exon (uc009hxf.2/18213, exon 10 of 17)",7,78300690,78377822,77133,2,"18213","uc009hxg.3",-73778,"ENSMUSG00000059146","Ntrk3","neurotrophic tyrosine kinase, receptor, type 3"
"11","chr4",147808490,147808870,381,"*","Merged-chr4-147808670-28",0,"+",NA,"Promoter (<=1kb)",4,147753974,147809788,55815,2,"100041677","uc012dpf.2",918,"ENSMUSG00000078495","Zfp984","zinc finger protein 984"
"12","chr9",49485451,49485650,200,"*","Merged-chr9-49485550-1",0,"+",NA,"Promoter (<=1kb)",9,49436961,49486225,49265,2,"235330","uc009pjc.1",575,"ENSMUSG00000040219","Ttc12","tetratricopeptide repeat domain 12"
"13","chr4",152124334,152124867,534,"*","Merged-chr4-152124599-7",0,"+",NA,"Promoter (4-5kb)",4,152120876,152128925,8050,2,"56226","uc008vzm.1",4058,"ENSMUSG00000028943","Espn","espin"
"14","chr13",94144528,94145060,533,"*","Merged-chr13-94144726-31",0,"+",NA,"Intron (uc007rlp.1/218454, intron 2 of 3)",13,94173992,94195409,21418,1,"218454","uc007rlq.1",-28932,"ENSMUSG00000045312","Lhfpl2","lipoma HMGIC fusion partner-like 2"
"15","chr6",30657230,30657640,411,"*","Merged-chr6-30657423-39",0,"+",NA,"Exon (uc009bfr.2/83922, exon 9 of 11)",6,30639218,30645361,6144,1,"109697","uc009bfq.2",18012,"ENSMUSG00000054446","Cpa1","carboxypeptidase A1, pancreatic"
"16","chr12",110381231,110381834,604,"*","Merged-chr12-110381552-59",0,"+",NA,"Distal Intergenic",12,110447179,110450997,3819,1,"26931","uc007pbj.2",-65345,"ENSMUSG00000017843","Ppp2r5c","protein phosphatase 2, regulatory subunit B', gamma"
"17","chr16",30678280,30678563,284,"*","Merged-chr16-30678432-4",0,"+",NA,"Distal Intergenic",16,30599723,30602797,3075,1,"224093","uc007ywy.2",78557,"ENSMUSG00000046546","Fam43a","family with sequence similarity 43, member A"
"18","chr10",7825990,7826516,527,"*","Merged-chr10-7826287-40",0,"+",NA,"Distal Intergenic",10,7832470,7870397,37928,1,"237256","uc007eiq.2",-5954,"ENSMUSG00000039981","Zc3h12d","zinc finger CCCH type containing 12D"
"19","chr12",26059116,26059464,349,"*","Merged-chr12-26059295-22",0,"+",NA,"Distal Intergenic",12,26091962,26210505,118544,2,"629481","uc056ypw.1",151041,"ENSMUSG00000113550","Gm29687","predicted gene, 29687"
"20","chr18",74442887,74443086,200,"*","Merged-chr18-74442986-1",0,"+",NA,"Promoter (<=1kb)",18,74442619,74771477,328859,1,"17919","uc008fpp.1",268,"ENSMUSG00000025885","Myo5b","myosin VB"
"21","chr2",77169397,77169596,200,"*","Merged-chr2-77169496-1",0,"+",NA,"Promoter (1-2kb)",2,77009906,77170635,160730,2,"545428","uc012bxr.1",1039,"ENSMUSG00000044033","Ccdc141","coiled-coil domain containing 141"
"22","chr10",42848322,42848521,200,"*","Merged-chr10-42848421-1",0,"+",NA,"Distal Intergenic",10,42860512,42960782,100271,1,"268297","uc007eza.2",-11991,"ENSMUSG00000044770","Scml4","Scm polycomb group protein like 4"
"23","chr2",144555294,144555493,200,"*","Merged-chr2-144555393-1",0,"+",NA,"Promoter (<=1kb)",2,144556229,144590753,34525,1,"27054","uc008mrj.2",-736,"ENSMUSG00000027429","Sec23b","SEC23 homolog B, COPII coat complex component"
"24","chr14",74850108,74850307,200,"*","Merged-chr14-74850207-1",0,"+",NA,"Intron (uc007uqf.1/380916, intron 2 of 19)",14,74763323,74806058,42736,2,"380916","uc007uqh.1",-44050,"ENSMUSG00000068015","Lrch1","leucine-rich repeats and calponin homology (CH) domain containing 1"
"25","chr8",115877866,115878065,200,"*","Merged-chr8-115877965-1",0,"+",NA,"Distal Intergenic",8,115703253,115706894,3642,2,"17132","uc009nof.1",-170972,"ENSMUSG00000055435","Maf","avian musculoaponeurotic fibrosarcoma oncogene homolog"
"26","chr2",61489752,61490104,353,"*","Merged-chr2-61489944-20",0,"+",NA,"Distal Intergenic",2,61578586,61654171,75586,1,"21353","uc008juw.3",-88482,"ENSMUSG00000064289","Tank","TRAF family member-associated Nf-kappa B activator"
"27","chr16",30769187,30769731,545,"*","Merged-chr16-30769529-58",0,"+",NA,"Distal Intergenic",16,30599723,30602797,3075,1,"224093","uc007ywy.2",169464,"ENSMUSG00000046546","Fam43a","family with sequence similarity 43, member A"
"28","chr4",140750294,140750757,464,"*","Merged-chr4-140750542-28",0,"+",NA,"Promoter (<=1kb)",4,140745508,140750513,5006,2,"18602","uc008vnd.3",0,"ENSMUSG00000025330","Padi4","peptidyl arginine deiminase, type IV"
"29","chr3",58696019,58696218,200,"*","Merged-chr3-58696118-1",0,"+",NA,"Promoter (3-4kb)",3,58692589,58797331,104743,1,"71301","uc029umf.1",3430,"ENSMUSG00000097725","4930593A02Rik","RIKEN cDNA 4930593A02 gene"
"30","chr10",18059780,18060081,302,"*","Merged-chr10-18059948-11",0,"+",NA,"Promoter (3-4kb)",10,18055940,18125155,69216,1,"19707","uc007emb.2",3840,"ENSMUSG00000019854","Reps1","RalBP1 associated Eps domain containing protein"
"31","chr10",13468865,13469266,402,"*","Merged-chr10-13469041-19",0,"+",NA,"Intron (uc007eks.2/215789, intron 1 of 12)",10,13207717,13474396,266680,2,"215789","uc007eks.2",5130,"ENSMUSG00000062866","Phactr2","phosphatase and actin regulator 2"
"32","chr15",66285670,66286069,400,"*","Merged-chr15-66285886-5",0,"+",NA,"Promoter (<=1kb)",15,65994915,66286224,291310,2,"110862","uc007wab.2",155,"ENSMUSG00000056258","Kcnq3","potassium voltage-gated channel, subfamily Q, member 3"
"33","chr7",110625006,110625329,324,"*","Merged-chr7-110625167-10",0,"+",NA,"Promoter (2-3kb)",7,110627669,110629819,2151,1,"11535","uc009jfj.1",-2340,"ENSMUSG00000030790","Adm","adrenomedullin"
"34","chr18",89626767,89627254,488,"*","Merged-chr18-89627032-39",0,"+",NA,"Intron (uc008fvr.1/623279, intron 1 of 7)",18,89470148,89560117,89970,2,"623279","uc008fvs.1",-66650,"ENSMUSG00000073514","Dok6","docking protein 6"
"35","chr6",84616991,84617487,497,"*","Merged-chr6-84617241-46",0,"+",NA,"Downstream (<1kb)",6,84571414,84593908,22495,2,"232174","uc057lqs.1",-23083,"ENSMUSG00000063415","Cyp26b1","cytochrome P450, family 26, subfamily b, polypeptide 1"
"36","chr5",73344266,73344673,408,"*","Merged-chr5-73344482-20",0,"+",NA,"Distal Intergenic",5,73322198,73338947,16750,2,"433904","uc057bum.1",-5319,"ENSMUSG00000029153","Ociad2","OCIA domain containing 2"
"37","chr4",154936666,154936954,289,"*","Merged-chr4-154936813-27",0,"+",NA,"Distal Intergenic",4,154922210,154928077,5868,2,"230979","uc008wcj.1",-8589,"ENSMUSG00000042333","Tnfrsf14","tumor necrosis factor receptor superfamily, member 14 (herpesvirus entry mediator)"
"38","chr1",182019070,182019269,200,"*","Merged-chr1-182019169-1",0,"+",NA,"Promoter (<=1kb)",1,181896384,182019980,123597,2,"13800","uc007dxp.3",711,"ENSMUSG00000022995","Enah","ENAH actin regulator"
"39","chr11",103773401,103773600,200,"*","Merged-chr11-103773500-1",0,"+",NA,"Promoter (<=1kb)",11,103774175,103818021,43847,1,"22415","uc007lvs.2",-575,"ENSMUSG00000000125","Wnt3","wingless-type MMTV integration site family, member 3"
"40","chr3",101661530,101661988,459,"*","Merged-chr3-101661770-28",0,"+",NA,"Distal Intergenic",3,101576219,101604707,28489,2,"11928","uc008qrj.2",-56823,"ENSMUSG00000033161","Atp1a1","ATPase, Na+/K+ transporting, alpha 1 polypeptide"
"41","chr6",125467299,125467730,432,"*","Merged-chr6-125467519-12",0,"+",NA,"Intron (uc009dun.1/12527, intron 2 of 7)",6,125460266,125494755,34490,2,"12527","uc009dun.1",27025,"ENSMUSG00000030342","Cd9","CD9 antigen"
"42","chr8",31031712,31032230,519,"*","Merged-chr8-31031944-31",0,"+",NA,"Distal Intergenic",8,31089662,31097047,7386,1,"66959","uc009ljb.1",-57432,"ENSMUSG00000039661","Dusp26","dual specificity phosphatase 26 (putative)"
"43","chr14",48226083,48226629,547,"*","Merged-chr14-48226336-60",0,"+",NA,"Intron (uc007tjh.1/93834, intron 2 of 5)",14,48198716,48228413,29698,1,"624367","uc011zjq.1",27367,"ENSMUSG00000021846","Gm6498","glyceraldehyde-3-phosphate dehydrogenase pseudogene"
"44","chr7",66108080,66108279,200,"*","Merged-chr7-66108179-1",0,"+",NA,"Promoter (1-2kb)",7,66109515,66173798,64284,1,"269941","uc009hhb.1",-1236,"ENSMUSG00000032640","Chsy1","chondroitin sulfate synthase 1"
"45","chr8",3221732,3221931,200,"*","Merged-chr8-3221831-1",0,"+",NA,"Intron (uc009krc.2/16337, intron 1 of 19)",8,3150922,3258947,108026,2,"16337","uc009krc.2",37016,"ENSMUSG00000005534","Insr","insulin receptor"
"46","chr11",107667801,107668000,200,"*","Merged-chr11-107667900-1",0,"+",NA,"Promoter (2-3kb)",11,107670035,107686943,16909,1,"78455","uc007max.1",-2035,"ENSMUSG00000020721","Helz","helicase with zinc finger domain"
"47","chr1",90738863,90739319,457,"*","Merged-chr1-90739110-18",0,"+",NA,"Distal Intergenic",1,90791467,90808076,16610,2,"12835","uc007bzk.1",68757,"ENSMUSG00000048126","Col6a3","collagen, type VI, alpha 3"
"48","chr7",132806935,132807229,295,"*","Merged-chr7-132807081-2",0,"+",NA,"Promoter (4-5kb)",7,132712084,132802764,90681,2,"77938","uc009kch.1",-4171,"ENSMUSG00000030956","Fam53b","family with sequence similarity 53, member B"
"49","chr4",150087154,150087787,634,"*","Merged-chr4-150087480-81",0,"+",NA,"Promoter (<=1kb)",4,150087503,150105927,18425,1,"269604","uc008vxj.1",0,"ENSMUSG00000047875","Gpr157","G protein-coupled receptor 157"
"50","chr18",82909556,82909948,393,"*","Merged-chr18-82909752-7",0,"+",NA,"Promoter (<=1kb)",18,82910879,83005314,94436,1,"329003","uc008fuf.2",-931,"ENSMUSG00000058881","Zfp516","zinc finger protein 516"
"51","chr3",109420780,109421521,742,"*","Merged-chr3-109421125-43",0,"+",NA,"Intron (uc008raf.1/57257, intron 1 of 16)",3,109340683,109685694,345012,1,"57257","uc008rag.1",80097,"ENSMUSG00000033721","Vav3","vav 3 oncogene"
"52","chr11",52309469,52309799,331,"*","Merged-chr11-52309619-10",0,"+",NA,"Distal Intergenic",11,52252283,52283014,30732,2,"21414","uc007ivk.2",-26455,"ENSMUSG00000000782","Tcf7","transcription factor 7, T cell specific"
"53","chr12",76844529,76845053,525,"*","Merged-chr12-76844811-17",0,"+",NA,"Intron (uc007nyu.1/110606, intron 1 of 11)",12,76837467,76921412,83946,1,"110606","uc007nyu.1",7062,"ENSMUSG00000033373","Fntb","farnesyltransferase, CAAX box, beta"
"54","chr4",6940874,6941363,490,"*","Merged-chr4-6941109-33",0,"+",NA,"Intron (uc008rxs.2/252838, intron 1 of 8)",4,6820694,6990525,169832,2,"252838","uc008rxu.1",49162,"ENSMUSG00000041272","Tox","thymocyte selection-associated high mobility group box"
"55","chr1",78422400,78422965,566,"*","Merged-chr1-78422740-38",0,"+",NA,"Intron (uc007bqf.2/23874, intron 17 of 17)",1,78417958,78488897,70940,2,"23874","uc007bqf.2",65932,"ENSMUSG00000026245","Farsb","phenylalanyl-tRNA synthetase, beta subunit"
"56","chr14",49089728,49090115,388,"*","Merged-chr14-49089916-20",0,"+",NA,"Distal Intergenic",14,49012144,49066667,54524,2,"105504","uc007tjv.2",-23061,"ENSMUSG00000061244","Exoc5","exocyst complex component 5"
"57","chr8",126476115,126476541,427,"*","Merged-chr8-126476337-20",0,"+",NA,"Promoter (1-2kb)",8,126426652,126475065,48414,2,"212728","uc012gne.1",-1050,"ENSMUSG00000090290","Tarbp1","TAR RNA binding protein 1"
"58","chr11",32113168,32113513,346,"*","Merged-chr11-32113342-16",0,"+",NA,"Distal Intergenic",11,32095259,32101228,5970,2,"104692","uc056ykj.1",-11940,"ENSMUSG00000086386","Gm12108","predicted gene 12108"
"59","chr10",84726917,84727524,608,"*","Merged-chr10-84727239-54",0,"+",NA,"3' UTR",10,84756048,84906538,150491,1,"71137","uc007gkv.1",-28524,"ENSMUSG00000020037","Rfx4","regulatory factor X, 4 (influences HLA class II expression)"
"60","chr16",22601546,22601897,352,"*","Merged-chr16-22601739-32",0,"+",NA,"Promoter (3-4kb)",16,22605326,22605432,107,1,"102465962","uc056zbn.1",-3429,"ENSMUSG00000098448","Mir6362","microRNA 6362"
"61","chr6",99486159,99486592,434,"*","Merged-chr6-99486374-21",0,"+",NA,"Intron (uc012epq.1/108655, intron 1 of 19)",6,98925342,99520993,595652,2,"108655","uc012epq.1",34401,"ENSMUSG00000030067","Foxp1","forkhead box P1"
"62","chr9",61778943,61779576,634,"*","Merged-chr9-61779248-32",0,"+",NA,"Distal Intergenic",9,61913283,61914510,1228,2,"56040","uc009pzt.1",134934,"ENSMUSG00000007892","Rplp1","ribosomal protein, large, P1"
"63","chr3",69125970,69126300,331,"*","Merged-chr3-69126150-5",0,"+",NA,"Promoter (<=1kb)",3,69072221,69127092,54872,2,"16649","uc008pme.1",792,"ENSMUSG00000027782","Kpna4","karyopherin (importin) alpha 4"
"64","chr8",126881743,126882138,396,"*","Merged-chr8-126881934-28",0,"+",NA,"Distal Intergenic",8,126849020,126851833,2814,1,"414091","uc009nyz.1",32723,NA,"A630001O12Rik","RIKEN cDNA A630001O12 gene"
"65","chr13",41773842,41774262,421,"*","Merged-chr13-41774048-23",0,"+",NA,"Intron (uc007qfh.1/109254, intron 5 of 6)",13,41763148,41847488,84341,2,"109254","uc007qfh.1",73226,"ENSMUSG00000058022","Adtrp","androgen dependent TFPI regulating protein"
"66","chr2",13132481,13133216,736,"*","Merged-chr2-13132891-60",0,"+",NA,"Intron (uc008ijw.2/20163, intron 8 of 8)",2,13001887,13010864,8978,2,"227580","uc008ijv.1",-121617,"ENSMUSG00000049630","C1ql3","C1q-like 3"
"67","chrX",57200423,57200877,455,"*","Merged-chrX-57200663-17",0,"+",NA,"Promoter (<=1kb)",20,57200637,57204378,3742,1,"100502842","uc009tha.3",0,"ENSMUSG00000085808","Gm14718","predicted gene 14718"
"68","chr13",84791098,84791566,469,"*","Merged-chr13-84791325-24",0,"+",NA,"Distal Intergenic",13,85189477,85202496,13020,1,"66671","uc007ris.1",-397911,"ENSMUSG00000021548","Ccnh","cyclin H"
"69","chr15",62271427,62271865,439,"*","Merged-chr15-62271605-15",0,"+",NA,"Intron (uc007vym.2/19296, intron 5 of 9)",15,62217541,62219451,1911,2,"67552","uc007vyp.1",-51976,NA,"H2afy3","H2A histone family, member Y3"
"70","chr17",84633529,84633899,371,"*","Merged-chr17-84633706-27",0,"+",NA,"Exon (uc008dsy.2/213575, exon 4 of 13)",17,84626496,84655568,29073,1,"213575","uc008dsy.2",7033,"ENSMUSG00000024253","Dync2li1","dynein cytoplasmic 2 light intermediate chain 1"
"71","chr1",74570315,74570788,474,"*","Merged-chr1-74570528-25",0,"+",NA,"Exon (uc007bml.2/77264, exon 6 of 8)",1,74566426,74585697,19272,2,"77264","uc007bml.2",14909,"ENSMUSG00000026135","Zfp142","zinc finger protein 142"
"72","chr18",84102929,84103128,200,"*","Merged-chr18-84103028-1",0,"+",NA,"Distal Intergenic",18,84088158,84097514,9357,1,"225791","uc008fun.1",14771,"ENSMUSG00000049090","Zadh2","zinc binding alcohol dehydrogenase, domain containing 2"
"73","chr9",98339020,98339219,200,"*","Merged-chr9-98339119-1",0,"+",NA,"Intron (uc009rdg.2/74080, intron 1 of 2)",9,98296604,98420394,123791,1,"74080","uc009rdi.1",42416,"ENSMUSG00000032456","Nmnat3","nicotinamide nucleotide adenylyltransferase 3"
"74","chr9",110879680,110879879,200,"*","Merged-chr9-110879779-1",0,"+",NA,"Promoter (<=1kb)",9,110866046,110880083,14038,2,"20776","uc009rvb.1",204,"ENSMUSG00000049555","Tmie","transmembrane inner ear"
"75","chr4",6870332,6870798,467,"*","Merged-chr4-6870603-25",0,"+",NA,"Intron (uc008rxs.2/252838, intron 1 of 8)",4,6820694,6990525,169832,2,"252838","uc008rxu.1",119727,"ENSMUSG00000041272","Tox","thymocyte selection-associated high mobility group box"
"76","chr1",194625800,194625999,200,"*","Merged-chr1-194625899-1",0,"+",NA,"Intron (uc007een.2/18845, intron 1 of 31)",1,194619829,194816869,197041,1,"18845","uc007een.2",5971,"ENSMUSG00000026640","Plxna2","plexin A2"
"77","chr18",32543001,32543524,524,"*","Merged-chr18-32543284-47",0,"+",NA,"Intron (uc008ejk.1/71683, intron 1 of 2)",18,32528320,32560034,31715,2,"71683","uc008ejk.1",16510,"ENSMUSG00000090523","Gypc","glycophorin C"
"78","chr6",51200204,51200575,372,"*","Merged-chr6-51200388-15",0,"+",NA,"Distal Intergenic",6,51269812,51269910,99,2,"387166","uc012elv.1",69335,"ENSMUSG00000065505","Mir148a","microRNA 148a"
"79","chr15",28025158,28025444,287,"*","Merged-chr15-28025300-2",0,"+",NA,"Promoter (<=1kb)",15,27730649,28025848,295200,2,"223435","uc007vjw.1",404,"ENSMUSG00000022263","Trio","triple functional domain (PTPRF interacting)"
"80","chr1",159673696,159674584,889,"*","Merged-chr1-159674212-50",0,"+",NA,"Intron (uc007dea.2/21960, intron 1 of 22)",1,159523769,159924922,401154,1,"21960","uc007dea.2",149927,"ENSMUSG00000015829","Tnr","tenascin R"
"81","chr11",3148348,3148547,200,"*","Merged-chr11-3148447-2",0,"+",NA,"Intron (uc007hrs.1/78887, intron 4 of 21)",11,3131850,3157936,26087,2,"78887","uc007hrs.1",9389,"ENSMUSG00000023764","Sfi1","Sfi1 homolog, spindle assembly associated (yeast)"
"82","chr11",84031883,84032431,549,"*","Merged-chr11-84032189-11",0,"+",NA,"Intron (uc007kqa.4/217030, intron 18 of 19)",11,84019201,84044578,25378,1,"217030","uc007kqb.3",12682,"ENSMUSG00000034940","Synrg","synergin, gamma"
"83","chr12",17084553,17085381,829,"*","Merged-chr12-17085011-50",0,"+",NA,"Distal Intergenic",12,17004958,17011727,6770,2,"73667","uc011ykn.1",-72826,"ENSMUSG00000071398","2410004P03Rik","RIKEN cDNA 2410004P03 gene"
"84","chr8",126536180,126536508,329,"*","Merged-chr8-126536353-14",0,"+",NA,"Distal Intergenic",8,126588296,126593436,5141,2,"270110","uc009nyw.2",56928,"ENSMUSG00000051495","Irf2bp2","interferon regulatory factor 2 binding protein 2"
"85","chr10",127337513,127337888,376,"*","Merged-chr10-127337702-25",0,"+",NA,"Promoter (3-4kb)",10,127337840,127341318,3479,2,"14632","uc007hjg.1",3430,"ENSMUSG00000025407","Gli1","GLI-Kruppel family member GLI1"
"86","chr16",21204429,21204997,569,"*","Merged-chr16-21204669-33",0,"+",NA,"Promoter (<=1kb)",16,21204795,21223304,18510,1,"13845","uc007yrg.1",0,"ENSMUSG00000005958","Ephb3","Eph receptor B3"
"87","chr2",102039243,102039778,536,"*","Merged-chr2-102039537-38",0,"+",NA,"Exon (uc057ldr.1/uc057ldr.1, exon 1 of 2)",2,102057907,102113679,55773,2,"241576","uc012cae.1",73901,"ENSMUSG00000048058","Ldlrad3","low density lipoprotein receptor class A domain containing 3"
"88","chr18",68465445,68465952,508,"*","Merged-chr18-68465705-17",0,"+",NA,"Intron (uc057laa.1/uc057laa.1, intron 1 of 2)",18,68406899,68429320,22422,2,"17200","uc033hht.2",-36125,"ENSMUSG00000045569","Mc2r","melanocortin 2 receptor"
"89","chr1",43766340,43766814,475,"*","Merged-chr1-43766514-14",0,"+",NA,"Intron (uc007avq.1/67883, intron 9 of 14)",1,43730602,43742564,11963,1,"78896","uc007avp.2",35738,"ENSMUSG00000026051","1500015O10Rik","RIKEN cDNA 1500015O10 gene"
"90","chr11",54956977,54957182,206,"*","Merged-chr11-54957079-3",0,"+",NA,"Promoter (<=1kb)",11,54916796,54956178,39383,2,"57783","uc007iyq.3",-799,"ENSMUSG00000020400","Tnip1","TNFAIP3 interacting protein 1"
"91","chr17",83365103,83366275,1173,"*","Merged-chr17-83365702-38",0,"+",NA,"Intron (uc008drx.3/78798, intron 1 of 20)",17,83350931,83480361,129431,1,"78798","uc008dsb.3",14172,"ENSMUSG00000032624","Eml4","echinoderm microtubule associated protein like 4"
"92","chr16",25587085,25587284,200,"*","Merged-chr16-25587184-1",0,"+",NA,"Distal Intergenic",16,25683765,25821318,137554,1,"22061","uc007yun.2",-96481,"ENSMUSG00000022510","Trp63","transformation related protein 63"
"93","chr18",61622104,61622496,393,"*","Merged-chr18-61622282-13",0,"+",NA,"Distal Intergenic",18,61639653,61647485,7833,1,"545261","uc008fch.3",-17157,"ENSMUSG00000098098","Bvht","braveheart long non-coding RNA"
"94","chr3",133159657,133159973,317,"*","Merged-chr3-133159832-24",0,"+",NA,"3' UTR",3,132982550,133092033,109484,2,"67553","uc008rkh.2",-67624,"ENSMUSG00000028018","Gstcd","glutathione S-transferase, C-terminal domain containing"
"95","chr7",49245841,49246405,565,"*","Merged-chr7-49246156-57",0,"+",NA,"Promoter (<=1kb)",7,49246189,49410398,164210,1,"78286","uc009hbg.2",0,"ENSMUSG00000052512","Nav2","neuron navigator 2"
"96","chr4",145341873,145342329,457,"*","Merged-chr4-145342099-62",0,"+",NA,"Distal Intergenic",4,145268976,145315147,46172,2,"21941","uc008vrw.1",-26726,"ENSMUSG00000028602","Tnfrsf8","tumor necrosis factor receptor superfamily, member 8"
"97","chr19",21547443,21547839,397,"*","Merged-chr19-21547622-17",0,"+",NA,"Distal Intergenic",19,21418725,21472661,53937,2,"14544","uc008gyy.1",-74782,"ENSMUSG00000058624","Gda","guanine deaminase"
"98","chr14",60541594,60542091,498,"*","Merged-chr14-60541882-16",0,"+",NA,"Distal Intergenic",14,60634243,60764556,130314,1,"219140","uc007ufc.2",-92152,"ENSMUSG00000021990","Spata13","spermatogenesis associated 13"
"99","chr17",86150947,86151279,333,"*","Merged-chr17-86151104-20",0,"+",NA,"Distal Intergenic",17,85984665,86145175,160511,2,"78586","uc008due.2",-5772,"ENSMUSG00000024135","Srbd1","S1 RNA binding domain 1"
"100","chr17",71118255,71119013,759,"*","Merged-chr17-71118704-30",0,"+",NA,"Intron (uc008dlx.1/17929, intron 34 of 37)",17,71182560,71235119,52560,1,"64898","uc008dmb.1",-63547,"ENSMUSG00000024052","Lpin2","lipin 2"
"101","chr16",95808966,95809488,523,"*","Merged-chr16-95809247-50",0,"+",NA,"Distal Intergenic",16,95831123,95898713,67591,2,"69776","uc008acf.1",89225,"ENSMUSG00000117232","1600002D24Rik","RIKEN cDNA 1600002D24 gene"
"102","chr10",76844503,76845140,638,"*","Merged-chr10-76844808-11",0,"+",NA,"Intron (uc007fuz.2/59093, intron 2 of 15)",10,76761854,76825992,64139,2,"59093","uc057kjd.1",-18511,"ENSMUSG00000001120","Pcbp3","poly(rC) binding protein 3"
"103","chr16",44496985,44497397,413,"*","Merged-chr16-44497186-22",0,"+",NA,"Intron (uc007zhl.1/117606, intron 7 of 18)",16,44470444,44482428,11985,1,"212517","uc007zhk.1",26541,"ENSMUSG00000071550","Cfap44","cilia and flagella associated protein 44"
"104","chr13",76055538,76055737,200,"*","Merged-chr13-76055637-1",0,"+",NA,"Promoter (1-2kb)",13,76054851,76056996,2146,2,"238725","uc007rgg.1",1259,"ENSMUSG00000045509","Gpr150","G protein-coupled receptor 150"
"105","chr2",148111751,148111950,200,"*","Merged-chr2-148111850-1",0,"+",NA,"Distal Intergenic",2,148042877,148046969,4093,2,"15376","uc008mtb.2",-64782,"ENSMUSG00000037025","Foxa2","forkhead box A2"
"106","chr11",114219676,114219875,200,"*","Merged-chr11-114219775-1",0,"+",NA,"Distal Intergenic",11,114198258,114199199,942,1,"73536","uc007mfi.1",21418,"ENSMUSG00000078600","1700092K14Rik","RIKEN cDNA 1700092K14 gene"
"107","chr13",43788845,43789392,548,"*","Merged-chr13-43789112-65",0,"+",NA,"Promoter (3-4kb)",13,43785185,43803133,17949,1,"12522","uc007qgj.2",3660,"ENSMUSG00000015396","Cd83","CD83 antigen"
"108","chr1",6410139,6410338,200,"*","Merged-chr1-6410238-1",0,"+",NA,"Distal Intergenic",1,6359331,6394731,35401,1,"620393","uc007afv.2",50808,"ENSMUSG00000087247","Alkal1","ALK and LTK ligand 1"
"109","chr12",110598542,110598741,200,"*","Merged-chr12-110598641-1",0,"+",NA,"Promoter (2-3kb)",12,110601395,110666944,65550,1,"13424","uc007pbo.1",-2654,"ENSMUSG00000018707","Dync1h1","dynein cytoplasmic 1 heavy chain 1"
"110","chr11",70239485,70239684,200,"*","Merged-chr11-70239584-1",0,"+",NA,"Promoter (<=1kb)",11,70235204,70239830,4627,2,"104457","uc007juf.2",146,"ENSMUSG00000020831","0610010K14Rik","RIKEN cDNA 0610010K14 gene"
"111","chr6",73267648,73267847,200,"*","Merged-chr6-73267747-1",0,"+",NA,"Intron (uc009cjm.2/56451, intron 5 of 8)",6,73248505,73276907,28403,1,"56451","uc009cjm.2",19143,"ENSMUSG00000052738","Suclg1","succinate-CoA ligase, GDP-forming, alpha subunit"
"112","chr15",50698627,50698826,200,"*","Merged-chr15-50698726-1",0,"+",NA,"Intron (uc007vqw.3/83925, intron 7 of 8)",15,50819499,50827521,8023,2,"83925","uc007vra.1",128695,"ENSMUSG00000038679","Trps1","transcriptional repressor GATA binding 1"
"113","chr1",45816532,45816731,200,"*","Merged-chr1-45816631-1",0,"+",NA,"Promoter (1-2kb)",1,45814545,45823613,9069,1,"73674","uc011wkg.1",1987,"ENSMUSG00000025995","Wdr75","WD repeat domain 75"
"114","chr7",142967267,142967466,200,"*","Merged-chr7-142967366-1",0,"+",NA,"Promoter (1-2kb)",7,142966822,142969264,2443,2,"17173","uc009koj.2",1798,"ENSMUSG00000009248","Ascl2","achaete-scute family bHLH transcription factor 2"
"115","chr12",109441457,109441656,200,"*","Merged-chr12-109441556-1",0,"+",NA,"Distal Intergenic",12,109452823,109463336,10514,1,"13386","uc007pam.2",-11167,"ENSMUSG00000040856","Dlk1","delta like non-canonical Notch ligand 1"
"116","chr8",68061691,68061969,279,"*","Merged-chr8-68061829-2",0,"+",NA,"Promoter (<=1kb)",8,67790470,68062286,271817,2,"234353","uc009lwc.1",317,"ENSMUSG00000030465","Psd3","pleckstrin and Sec7 domain containing 3"
"117","chr15",89498660,89499070,411,"*","Merged-chr15-89498857-24",0,"+",NA,"Promoter (<=1kb)",15,89499857,89560261,60405,1,"58234","uc007xha.3",-787,"ENSMUSG00000022623","Shank3","SH3 and multiple ankyrin repeat domains 3"
"118","chr6",134342813,134343506,694,"*","Merged-chr6-134343073-39",0,"+",NA,"Intron (uc009ekg.1/74064, intron 3 of 8)",6,134396329,134438724,42396,1,"66813","uc009ekh.1",-52823,"ENSMUSG00000030200","Bcl2l14","BCL2-like 14 (apoptosis facilitator)"
"119","chr13",84768967,84769469,503,"*","Merged-chr13-84769190-19",0,"+",NA,"Distal Intergenic",13,85189477,85202496,13020,1,"66671","uc007ris.1",-420008,"ENSMUSG00000021548","Ccnh","cyclin H"
"120","chr1",64875604,64875966,363,"*","Merged-chr1-64875800-12",0,"+",NA,"Intron (uc033fji.1/241075, intron 5 of 8)",1,64860298,64928097,67800,2,"241075","uc007bhb.1",52131,"ENSMUSG00000051344","Plekhm3","pleckstrin homology domain containing, family M, member 3"
"121","chr5",49089755,49089954,200,"*","Merged-chr5-49089854-1",0,"+",NA,"Intron (uc008xjx.1/80334, intron 1 of 7)",5,48389503,49285659,896157,2,"80334","uc008xjx.1",195705,"ENSMUSG00000029088","Kcnip4","Kv channel interacting protein 4"
"122","chrX",42365795,42366270,476,"*","Merged-chrX-42366064-18",0,"+",NA,"Distal Intergenic",20,42502453,42522097,19645,1,"20400","uc009tba.3",-136183,"ENSMUSG00000005696","Sh2d1a","SH2 domain containing 1A"
"123","chr18",79257975,79258174,200,"*","Merged-chr18-79258074-1",0,"+",NA,"Distal Intergenic",18,78750378,79109391,359014,2,"240427","uc008fsi.2",-148584,"ENSMUSG00000024548","Setbp1","SET binding protein 1"
"124","chr9",83145755,83146886,1132,"*","Merged-chr9-83146298-69",0,"+",NA,"Promoter (<=1kb)",9,83109942,83146607,36666,2,"94353","uc009qwd.2",0,"ENSMUSG00000066456","Hmgn3","high mobility group nucleosomal binding domain 3"
"125","chr6",134281962,134282470,509,"*","Merged-chr6-134282243-30",0,"+",NA,"Distal Intergenic",6,134396329,134438724,42396,1,"66813","uc009ekh.1",-113859,"ENSMUSG00000030200","Bcl2l14","BCL2-like 14 (apoptosis facilitator)"
"126","chr6",53709597,53710107,511,"*","Merged-chr6-53709881-31",0,"+",NA,"Distal Intergenic",6,53815468,53820825,5358,2,"66873","uc009bzk.2",110718,"ENSMUSG00000043496","Tril","TLR4 interactor with leucine-rich repeats"
"127","chr1",97576064,97576361,298,"*","Merged-chr1-97576212-8",0,"+",NA,"Distal Intergenic",1,97643902,97661676,17775,2,"52392","uc007cfg.2",85315,"ENSMUSG00000044768","D1Ertd622e","DNA segment, Chr 1, ERATO Doi 622, expressed"
"128","chr5",111514987,111515186,200,"*","Merged-chr5-111515086-1",0,"+",NA,"Distal Intergenic",5,111581422,111587153,5732,1,"330164","uc008ysf.3",-66236,"ENSMUSG00000052848","C130026L21Rik","RIKEN cDNA C130026L21 gene"
"129","chr8",104041558,104041757,200,"*","Merged-chr8-104041657-1",0,"+",NA,"Distal Intergenic",8,104101625,104144502,42878,1,"12562","uc009mzx.2",-59868,"ENSMUSG00000031871","Cdh5","cadherin 5"
"130","chr2",11552862,11553061,200,"*","Merged-chr2-11552961-1",0,"+",NA,"Promoter (<=1kb)",2,11471430,11553929,82500,2,"170768","uc008iih.3",868,"ENSMUSG00000026773","Pfkfb3","6-phosphofructo-2-kinase/fructose-2,6-biphosphatase 3"
"131","chr12",101977871,101978070,200,"*","Merged-chr12-101977970-1",0,"+",NA,"Promoter (1-2kb)",12,101975974,102005993,30020,1,"51786","uc007otx.2",1897,"ENSMUSG00000041781","Cpsf2","cleavage and polyadenylation specific factor 2"
"132","chr2",118972752,118973065,314,"*","Merged-chr2-118972923-26",0,"+",NA,"Distal Intergenic",2,118926497,118928585,2089,1,"72136","uc012cbn.2",46255,"ENSMUSG00000074916","Chst14","carbohydrate sulfotransferase 14"
"133","chr9",96545483,96545829,347,"*","Merged-chr9-96545653-10",0,"+",NA,"Exon (uc009rcn.1/114713, exon 21 of 24)",9,96470937,96478675,7739,2,"19823","uc057cec.1",-66808,"ENSMUSG00000051234","Rnf7","ring finger protein 7"
"134","chr14",77741811,77742285,475,"*","Merged-chr14-77742060-11",0,"+",NA,"Distal Intergenic",14,77793945,77798968,5024,2,"380920","uc007usb.1",56683,"ENSMUSG00000075512","Gm1587","predicted gene 1587"
"135","chr15",36474622,36475104,483,"*","Merged-chr15-36474869-12",0,"+",NA,"Downstream (2-3kb)",15,36477668,36496791,19124,2,"68839","uc007vmt.2",21687,"ENSMUSG00000048307","Ankrd46","ankyrin repeat domain 46"
"136","chr6",134217768,134218087,320,"*","Merged-chr6-134217908-11",0,"+",NA,"Intron (uc009eke.3/14011, intron 2 of 7)",6,134396329,134438724,42396,1,"66813","uc009ekh.1",-178242,"ENSMUSG00000030200","Bcl2l14","BCL2-like 14 (apoptosis facilitator)"
"137","chr11",69118842,69119055,214,"*","Merged-chr11-69118948-2",0,"+",NA,"Promoter (1-2kb)",11,69120453,69123259,2807,1,"84653","uc007jpi.1",-1398,"ENSMUSG00000023781","Hes7","hes family bHLH transcription factor 7"
"138","chr2",163130827,163131378,552,"*","Merged-chr2-163131105-39",0,"+",NA,"Intron (uc008nsn.1/uc008nsn.1, intron 1 of 1)",2,163087031,163089601,2571,2,"68236","uc008nsm.1",-41226,"ENSMUSG00000070708","Gtsf1l","gametocyte specific factor 1-like"
"139","chr1",151697861,151698324,464,"*","Merged-chr1-151698105-31",0,"+",NA,"Intron (uc007cyz.2/63913, intron 8 of 13)",1,151677167,151719347,42181,1,"63913","uc007cza.2",20694,"ENSMUSG00000026483","Fam129a","family with sequence similarity 129, member A"
"140","chr9",116321821,116322283,463,"*","Merged-chr9-116322069-21",0,"+",NA,"Distal Intergenic",9,116189180,116194886,5707,1,"100043817","uc009ryu.1",132641,NA,"Gm4668","predicted gene 4668"
"141","chr13",92722385,92722772,388,"*","Merged-chr13-92722597-29",0,"+",NA,"Distal Intergenic",13,92751586,92794818,43233,2,"21828","uc007rku.2",72046,"ENSMUSG00000021702","Thbs4","thrombospondin 4"
"142","chr14",78307762,78308148,387,"*","Merged-chr14-78307953-14",0,"+",NA,"Promoter (<=1kb)",14,78277446,78308043,30598,2,"21943","uc007ush.1",0,"ENSMUSG00000022015","Tnfsf11","tumor necrosis factor (ligand) superfamily, member 11"
"143","chr10",128259016,128259308,293,"*","Merged-chr10-128259156-8",0,"+",NA,"Promoter (4-5kb)",10,128254131,128255901,1771,1,"28194","uc007hly.1",4885,"ENSMUSG00000051716","Apon","apolipoprotein N"
"144","chr17",47922182,47922479,298,"*","Merged-chr17-47922356-10",0,"+",NA,"Promoter (2-3kb)",17,47867133,47924632,57500,2,"74123","uc008cwm.2",2153,"ENSMUSG00000023991","Foxp4","forkhead box P4"
"145","chr1",144814852,144815051,200,"*","Merged-chr1-144814951-1",0,"+",NA,"Distal Intergenic",1,144752841,144775421,22581,2,"64214","uc007cxl.1",-39431,"ENSMUSG00000026357","Rgs18","regulator of G-protein signaling 18"
"146","chr3",107630864,107631063,200,"*","Merged-chr3-107630963-1",0,"+",NA,"Promoter (<=1kb)",3,107612532,107631710,19179,2,"229707","uc008qxg.2",647,"ENSMUSG00000014601","Strip1","striatin interacting protein 1"
"147","chr5",52615014,52615213,200,"*","Merged-chr5-52615113-1",0,"+",NA,"Promoter (3-4kb)",5,52607550,52619011,11462,2,"211001","uc012dwf.1",3798,"ENSMUSG00000052295","8030423F21Rik","RIKEN cDNA 8030423F21 gene"
"148","chr1",106565856,106566055,200,"*","Merged-chr1-106565955-1",0,"+",NA,"Intron (uc007cgx.1/uc007cgx.1, intron 2 of 4)",1,106546496,106546631,136,2,"102466254","uc056ydp.1",-19225,"ENSMUSG00000098344","Mir3473f","microRNA 3473f"
"149","chr3",30994671,30994870,200,"*","Merged-chr3-30994770-1",0,"+",NA,"Promoter (<=1kb)",3,30995771,31052740,56970,1,"18759","uc008ovs.1",-901,"ENSMUSG00000037643","Prkci","protein kinase C, iota"
"150","chr10",118787253,118787774,522,"*","Merged-chr10-118787587-44",0,"+",NA,"Distal Intergenic",10,118859349,118868903,9555,2,"69181","uc007hea.1",81129,"ENSMUSG00000028630","Dyrk2","dual-specificity tyrosine-(Y)-phosphorylation regulated kinase 2"
"151","chr15",84168690,84169002,313,"*","Merged-chr15-84168860-11",0,"+",NA,"Promoter (<=1kb)",15,84168270,84168377,108,1,"102466642","uc033gvs.1",420,"ENSMUSG00000098882","Mir6392","microRNA 6392"
"152","chr17",70887799,70888465,667,"*","Merged-chr17-70888088-40",0,"+",NA,"Intron (uc008dlt.1/uc008dlt.1, intron 1 of 2)",17,70860503,70860600,98,2,"100316676","uc056zfk.1",-27199,"ENSMUSG00000080468","Mir1195","microRNA 1195"
"153","chr4",118406153,118406490,338,"*","Merged-chr4-118406334-12",0,"+",NA,"Promoter (2-3kb)",4,118362740,118409263,46524,2,"230676","uc012djw.2",2773,"ENSMUSG00000033253","Szt2","seizure threshold 2"
"154","chr14",71257523,71258124,602,"*","Merged-chr14-71257853-52",0,"+",NA,"Exon (uc007upd.2/100043132, exon 2 of 3)",14,71251273,71271059,19787,1,"100043132","uc029slt.1",6250,"ENSMUSG00000115139","Gm4251","predicted gene 4251"
"155","chr12",17724506,17724936,431,"*","Merged-chr12-17724763-61",0,"+",NA,"Intron (uc007ncw.1/53602, intron 1 of 2)",12,17690814,17791926,101113,1,"53602","uc007ncx.1",33692,"ENSMUSG00000071379","Hpcal1","hippocalcin-like 1"
"156","chr18",68059053,68059617,565,"*","Merged-chr18-68059360-81",0,"+",NA,"Intron (uc008fng.1/52662, intron 1 of 5)",18,67933257,68255549,322293,1,"52662","uc008fng.1",125796,"ENSMUSG00000024544","Ldlrad4","low density lipoprotein receptor class A domain containing 4"
"157","chr1",78537339,78538092,754,"*","Merged-chr1-78537773-101",0,"+",NA,"Promoter (<=1kb)",1,78537672,78538173,502,1,"68393","uc007bqm.2",0,"ENSMUSG00000012187","Mogat1","monoacylglycerol O-acyltransferase 1"
"158","chr9",51213666,51214022,357,"*","Merged-chr9-51213844-69",0,"+",NA,"Promoter (<=1kb)",9,51213690,51240079,26390,1,"18985","uc009plg.1",0,"ENSMUSG00000032053","Pou2af1","POU domain, class 2, associating factor 1"
"159","chr19",58943265,58943675,411,"*","Merged-chr19-58943465-75",0,"+",NA,"Promoter (<=1kb)",19,58943425,58971421,27997,1,"226265","uc012bob.1",0,"ENSMUSG00000048029","Eno4","enolase 4"
"160","chr1",111864508,111865032,525,"*","Merged-chr1-111864716-124",0,"+",NA,"Promoter (<=1kb)",1,111858702,111864918,6217,2,"319901","uc007chy.1",0,"ENSMUSG00000038702","Dsel","dermatan sulfate epimerase-like"
"161","chr1",89069926,89070639,714,"*","Merged-chr1-89070221-114",0,"+",NA,"Promoter (<=1kb)",1,89070462,89153793,83332,1,"98402","uc007byv.1",0,"ENSMUSG00000036206","Sh3bp4","SH3-domain binding protein 4"
"162","chr18",83465017,83465456,440,"*","Merged-chr18-83465273-18",0,"+",NA,"Distal Intergenic",18,83292792,83325884,33093,2,"70960","uc029tqk.1",-139133,NA,"4921531P14Rik","RIKEN cDNA 4921531P14 gene"
"163","chr7",3290152,3290506,355,"*","Merged-chr7-3290343-35",0,"+",NA,"Promoter (<=1kb)",7,3290555,3299349,8795,1,"50918","uc009euq.1",-49,"ENSMUSG00000068566","Myadm","myeloid-associated differentiation marker"
"164","chr14",52553449,52553814,366,"*","Merged-chr14-52553618-9",0,"+",NA,"Distal Intergenic",14,52489935,52495695,5761,2,"57269","uc011zko.1",-57754,"ENSMUSG00000059887","Olfr1507","olfactory receptor 1507"
"165","chr15",74538236,74538676,441,"*","Merged-chr15-74538442-18",0,"+",NA,"Promoter (2-3kb)",15,74540818,74589464,48647,1,"107831","uc007wcp.1",-2142,"ENSMUSG00000034730","Adgrb1","adhesion G protein-coupled receptor B1"
"166","chr19",53710838,53711234,397,"*","Merged-chr19-53711022-8",0,"+",NA,"Intron (uc008hwz.2/73713, intron 1 of 13)",19,53677306,53867080,189775,1,"73713","uc008hwz.2",33532,"ENSMUSG00000043639","Rbm20","RNA binding motif protein 20"
"167","chr17",73813067,73813466,400,"*","Merged-chr17-73813260-38",0,"+",NA,"Intron (uc008dnn.2/57440, intron 1 of 5)",17,73804841,73832093,27253,1,"57440","uc008dnn.2",8226,"ENSMUSG00000024065","Ehd3","EH-domain containing 3"
"168","chr8",8440185,8440384,200,"*","Merged-chr8-8440284-1",0,"+",NA,"Intron (uc009kuc.1/uc009kuc.1, intron 1 of 5)",8,8617439,8660773,43335,2,"13642","uc009kue.1",220389,"ENSMUSG00000001300","Efnb2","ephrin B2"
"169","chr3",37737882,37738081,200,"*","Merged-chr3-37737981-1",0,"+",NA,"Distal Intergenic",3,37714190,37724360,10171,2,"381438","uc012cpa.1",-13522,"ENSMUSG00000058174","Gm5148","predicted gene 5148"
"170","chr15",55906786,55906985,200,"*","Merged-chr15-55906885-1",0,"+",NA,"Promoter (<=1kb)",15,55639154,55906949,267796,2,"20649","uc007vsk.1",0,"ENSMUSG00000060429","Sntb1","syntrophin, basic 1"
"171","chr19",8757665,8757864,200,"*","Merged-chr19-8757764-1",0,"+",NA,"Promoter (<=1kb)",19,8757103,8770910,13808,1,"53319","uc033hiz.1",562,"ENSMUSG00000010097","Nxf1","nuclear RNA export factor 1"
"172","chr2",177956324,177956581,258,"*","Merged-chr2-177956452-2",0,"+",NA,"Promoter (<=1kb)",2,177935993,177957288,21296,2,"665211","uc033hru.1",707,"ENSMUSG00000078862","Gm14326","predicted gene 14326"
"173","chr9",70309890,70310369,480,"*","Merged-chr9-70310142-32",0,"+",NA,"Intron (uc009qnw.1/71602, intron 4 of 17)",9,70405694,70405753,60,2,"100885839","uc033jlf.1",95384,"ENSMUSG00000093763","Mir5626","microRNA 5626"
"174","chr1",72578696,72579013,318,"*","Merged-chr1-72578862-5",0,"+",NA,"Promoter (4-5kb)",1,72583251,72591886,8636,1,"54380","uc007bko.2",-4238,"ENSMUSG00000039354","Smarcal1","SWI/SNF related matrix associated, actin dependent regulator of chromatin, subfamily a-like 1"
"175","chr9",69349392,69349944,553,"*","Merged-chr9-69349677-32",0,"+",NA,"Intron (uc009qmx.2/19883, intron 3 of 10)",9,69348889,69364247,15359,2,"102642202","uc057lzv.1",14303,"ENSMUSG00000086648","Gm15511","predicted gene 15511"
"176","chr10",86794573,86795297,725,"*","Merged-chr10-86794881-42",0,"+",NA,"Intron (uc007gqm.1/103466, intron 1 of 13)",10,86779005,86838389,59385,1,"103466","uc007gqn.1",15568,"ENSMUSG00000054027","Nt5dc3","5'-nucleotidase domain containing 3"
"177","chr9",41080929,41081276,348,"*","Merged-chr9-41081107-22",0,"+",NA,"Intron (uc009pag.1/72828, intron 1 of 13)",9,41013641,41157494,143854,2,"72828","uc009pag.1",76218,"ENSMUSG00000032020","Ubash3b","ubiquitin associated and SH3 domain containing, B"
"178","chr12",69198216,69198415,200,"*","Merged-chr12-69198315-1",0,"+",NA,"Promoter (<=1kb)",12,69182734,69198429,15696,2,"109065","uc011ymx.1",14,"ENSMUSG00000020973","Dnaaf2","dynein, axonemal assembly factor 2"
"179","chr11",106217351,106217550,200,"*","Merged-chr11-106217450-2",0,"+",NA,"Promoter (<=1kb)",11,106216926,106249140,32215,1,"72047","uc007lyl.2",425,"ENSMUSG00000020705","Ddx42","DEAD (Asp-Glu-Ala-Asp) box polypeptide 42"
"180","chr12",111406699,111407047,349,"*","Merged-chr12-111406868-16",0,"+",NA,"Promoter (<=1kb)",12,111406809,111412077,5269,1,"380787","uc007pcu.1",0,"ENSMUSG00000087075","Lbhd2","LBH domain containing 2"
"181","chr7",125190017,125190510,494,"*","Merged-chr7-125190262-47",0,"+",NA,"Distal Intergenic",7,125331782,125349786,18005,2,"71208","uc009jpy.2",159276,"ENSMUSG00000045928","4933440M02Rik","RIKEN cDNA 4933440M02 gene"
"182","chr11",103808475,103808974,500,"*","Merged-chr11-103808730-15",0,"+",NA,"Intron (uc007lvs.2/22415, intron 2 of 4)",11,103774175,103818021,43847,1,"22415","uc007lvs.2",34300,"ENSMUSG00000000125","Wnt3","wingless-type MMTV integration site family, member 3"
"183","chr1",152010206,152010715,510,"*","Merged-chr1-152010502-52",0,"+",NA,"Intron (uc007czd.2/69399, intron 1 of 6)",1,151852403,152090320,237918,2,"69399","uc007czd.2",79605,"ENSMUSG00000032666","1700025G04Rik","RIKEN cDNA 1700025G04 gene"
"184","chr5",52615435,52615930,496,"*","Merged-chr5-52615674-28",0,"+",NA,"Promoter (3-4kb)",5,52607550,52619011,11462,2,"211001","uc012dwf.1",3081,"ENSMUSG00000052295","8030423F21Rik","RIKEN cDNA 8030423F21 gene"
"185","chr4",133298474,133299019,546,"*","Merged-chr4-133298699-41",0,"+",NA,"Intron (uc012dml.1/230796, intron 12 of 15)",4,133266045,133277790,11746,2,"52174","uc056zxp.1",-20684,"ENSMUSG00000028857","Tmem222","transmembrane protein 222"
"186","chr14",79393380,79393834,455,"*","Merged-chr14-79393562-34",0,"+",NA,"Promoter (2-3kb)",14,79334507,79390668,56162,2,"66897","uc007usv.1",-2712,"ENSMUSG00000022020","Naa16","N(alpha)-acetyltransferase 16, NatA auxiliary subunit"
"187","chr6",82402499,82402921,423,"*","Merged-chr6-82402722-33",0,"+",NA,"Promoter (<=1kb)",6,82402787,82560104,157318,1,"21336","uc009cli.2",0,"ENSMUSG00000030043","Tacr1","tachykinin receptor 1"
"188","chr13",94177150,94177551,402,"*","Merged-chr13-94177315-11",0,"+",NA,"Promoter (3-4kb)",13,94173992,94195409,21418,1,"218454","uc007rlq.1",3158,"ENSMUSG00000045312","Lhfpl2","lipoma HMGIC fusion partner-like 2"
"189","chr1",192190565,192190901,337,"*","Merged-chr1-192190727-18",0,"+",NA,"Promoter (<=1kb)",1,192190777,192510159,319383,1,"16510","uc007edn.2",0,"ENSMUSG00000058248","Kcnh1","potassium voltage-gated channel, subfamily H (eag-related), member 1"
"190","chr7",129814202,129814868,667,"*","Merged-chr7-129814526-44",0,"+",NA,"Distal Intergenic",7,129962165,129978669,16505,1,"100043150","uc029woy.1",-147297,"ENSMUSG00000108504","Gm4265","predicted gene 4265"
"191","chr2",50416037,50416607,571,"*","Merged-chr2-50416289-16",0,"+",NA,"Intron (uc008jqe.1/100502624, intron 1 of 2)",2,50296810,50433967,137158,1,"100502624","uc008jqe.1",119227,"ENSMUSG00000085862","Gm13483","predicted gene 13483"
"192","chr16",32972562,32973004,443,"*","Merged-chr16-32972762-21",0,"+",NA,"Intron (uc007yzr.1/70144, intron 6 of 12)",16,32914100,33016029,101930,1,"70144","uc057bic.1",58462,"ENSMUSG00000022801","Lrch3","leucine-rich repeats and calponin homology (CH) domain containing 3"
"193","chr5",72817606,72818094,489,"*","Merged-chr5-72817900-34",0,"+",NA,"Intron (uc008xsb.3/21682, intron 2 of 16)",5,72755718,72825130,69413,2,"21682","uc008xsb.3",7036,"ENSMUSG00000029217","Tec","tec protein tyrosine kinase"
"194","chr6",53704371,53704768,398,"*","Merged-chr6-53704558-10",0,"+",NA,"Distal Intergenic",6,53815468,53820825,5358,2,"66873","uc009bzk.2",116057,"ENSMUSG00000043496","Tril","TLR4 interactor with leucine-rich repeats"
"195","chr10",34206823,34207326,504,"*","Merged-chr10-34207023-88",0,"+",NA,"Promoter (<=1kb)",10,34151393,34207551,56159,2,"212898","uc007eus.1",225,"ENSMUSG00000039497","Dse","dermatan sulfate epimerase"
"196","chr15",85232972,85233621,650,"*","Merged-chr15-85233310-62",0,"+",NA,"Intron (uc007xdb.3/14114, intron 8 of 14)",15,85206008,85286294,80287,1,"14114","uc011zxk.1",26964,"ENSMUSG00000006369","Fbln1","fibulin 1"
"197","chr10",62335463,62335702,240,"*","Merged-chr10-62335576-5",0,"+",NA,"Promoter (4-5kb)",10,62268855,62340421,71567,2,"15275","uc007fgy.2",4719,"ENSMUSG00000037012","Hk1","hexokinase 1"
"198","chr3",79451348,79451678,331,"*","Merged-chr3-79451498-29",0,"+",NA,"Intron (uc012cqo.2/100233207, intron 4 of 4)",3,79455971,79500522,44552,2,"329679","uc008pno.2",48844,"ENSMUSG00000061175","Fnip2","folliculin interacting protein 2"
"199","chr7",68250180,68250840,661,"*","Merged-chr7-68250535-42",0,"+",NA,"Intron (uc009hjd.2/78444, intron 1 of 3)",7,68236608,68264233,27626,2,"78444","uc009hjd.2",13393,"ENSMUSG00000030553","Pgpep1l","pyroglutamyl-peptidase I-like"
"200","chr19",44078213,44078669,457,"*","Merged-chr19-44078434-18",0,"+",NA,"Exon (uc008hpg.2/12675, exon 18 of 21)",19,44034943,44069785,34843,2,"226144","uc008hpe.2",-8428,"ENSMUSG00000025198","Erlin1","ER lipid raft associated 1"
"201","chr16",25970177,25970737,561,"*","Merged-chr16-25970446-35",0,"+",NA,"Intron (uc007yuy.1/210530, intron 11 of 14)",16,25865677,25877144,11468,1,"22061","uc007yux.2",104500,"ENSMUSG00000022510","Trp63","transformation related protein 63"
"202","chr10",99608755,99609307,553,"*","Merged-chr10-99609027-18",0,"+",NA,"Promoter (<=1kb)",10,99609171,99658134,48964,1,"100504202","uc007gxn.1",0,"ENSMUSG00000111962","Gm20110","predicted gene, 20110"
"203","chr15",53140275,53140743,469,"*","Merged-chr15-53140511-27",0,"+",NA,"Intron (uc007vrh.2/14042, intron 1 of 10)",15,53068261,53346183,277923,2,"14042","uc007vrh.2",205440,"ENSMUSG00000061731","Ext1","exostoses (multiple) 1"
"204","chr15",91572750,91573402,653,"*","Merged-chr15-91573061-60",0,"+",NA,"Promoter (<=1kb)",15,91267691,91573261,305571,2,"239606","uc007xhy.2",0,"ENSMUSG00000036298","Slc2a13","solute carrier family 2 (facilitated glucose transporter), member 13"
"205","chr16",90330447,90330704,258,"*","Merged-chr16-90330577-4",0,"+",NA,"Distal Intergenic",16,90255869,90284425,28557,2,"224432","uc007zwg.1",-46022,"ENSMUSG00000022983","Scaf4","SR-related CTD-associated factor 4"
"206","chr18",70520766,70521182,417,"*","Merged-chr18-70520943-32",0,"+",NA,"Promoter (3-4kb)",18,70516786,70516889,104,1,"102466152","uc033hhy.1",3980,"ENSMUSG00000098721","Mir6357","microRNA 6357"
"207","chr17",52448552,52449027,476,"*","Merged-chr17-52448779-16",0,"+",NA,"Distal Intergenic",17,52602709,52979194,376486,1,"211468","uc029tiu.2",-153682,"ENSMUSG00000035580","Kcnh8","potassium voltage-gated channel, subfamily H (eag-related), member 8"
"208","chr4",144891903,144892102,200,"*","Merged-chr4-144892002-3",0,"+",NA,"Promoter (<=1kb)",4,144892827,144927645,34819,1,"20148","uc008vrm.2",-725,"ENSMUSG00000066026","Dhrs3","dehydrogenase/reductase (SDR family) member 3"
"209","chr9",115588152,115588351,200,"*","Merged-chr9-115588251-1",0,"+",NA,"Distal Intergenic",9,115381819,115381939,121,1,"100316675","uc057aqj.1",206333,"ENSMUSG00000080409","Mir467h","microRNA 467h"
"210","chr5",135104113,135104312,200,"*","Merged-chr5-135104212-1",0,"+",NA,"Promoter (2-3kb)",5,135106891,135123042,16152,1,"58805","uc008zxs.2",-2579,"ENSMUSG00000005373","Mlxipl","MLX interacting protein-like"
"211","chr3",95995520,95995719,200,"*","Merged-chr3-95995619-1",0,"+",NA,"Promoter (<=1kb)",3,95988828,95995839,7012,2,"67220","uc008qlx.3",120,"ENSMUSG00000015745","Plekho1","pleckstrin homology domain containing, family O member 1"
"212","chr1",151236436,151237006,571,"*","Merged-chr1-151236737-36",0,"+",NA,"Distal Intergenic",1,151138034,151144095,6062,1,"402734","uc029qtz.1",98402,NA,"C730036E19Rik","RIKEN cDNA C730036E19 gene"
"213","chr9",101249606,101249987,382,"*","Merged-chr9-101249791-43",0,"+",NA,"Promoter (1-2kb)",9,101104989,101251832,146844,2,"235542","uc009rfh.3",1845,"ENSMUSG00000043154","Ppp2r3a","protein phosphatase 2, regulatory subunit B'', alpha"
"214","chr16",50230737,50231293,557,"*","Merged-chr16-50230970-36",0,"+",NA,"Intron (uc057kvl.1/70508, intron 7 of 12)",16,50191844,50280539,88696,2,"70508","uc057kvl.1",49246,"ENSMUSG00000022641","Bbx","bobby sox HMG box containing"
"215","chr1",36610947,36611816,870,"*","Merged-chr1-36611587-31",0,"+",NA,"Intron (uc011wjn.1/381337, intron 6 of 14)",1,36562696,36593332,30637,2,"381337","uc007aqu.2",-17615,"ENSMUSG00000046337","Fam178b","family with sequence similarity 178, member B"
"216","chr1",192536489,192537570,1082,"*","Merged-chr1-192537162-38",0,"+",NA,"Intron (uc007edp.2/226861, intron 11 of 11)",1,192512828,192771219,258392,2,"226861","uc007edp.2",233649,"ENSMUSG00000037375","Hhat","hedgehog acyltransferase"
"217","chr13",92639050,92639380,331,"*","Merged-chr13-92639220-17",0,"+",NA,"Intron (uc007rks.1/218442, intron 1 of 4)",13,92611138,92711947,100810,1,"218442","uc007rkt.2",27912,"ENSMUSG00000021703","Serinc5","serine incorporator 5"
"218","chr17",37050521,37050720,200,"*","Merged-chr17-37050620-1",0,"+",NA,"Promoter (<=1kb)",17,37050805,37074305,23501,1,"54393","uc008cmd.1",-85,"ENSMUSG00000024462","Gabbr1","gamma-aminobutyric acid (GABA) B receptor, 1"
"219","chr11",90225601,90225800,200,"*","Merged-chr11-90225700-1",0,"+",NA,"Intron (uc007kwn.1/67468, intron 2 of 3)",11,90248805,90278573,29769,1,"67468","uc007kwp.1",-23005,"ENSMUSG00000003948","Mmd","monocyte to macrophage differentiation-associated"
"220","chr3",19315586,19315785,200,"*","Merged-chr3-19315685-1",0,"+",NA,"Promoter (4-5kb)",3,19223108,19311322,88215,2,"18583","uc008oru.3",-4264,"ENSMUSG00000069094","Pde7a","phosphodiesterase 7A"
"221","chr5",75661945,75662144,200,"*","Merged-chr5-75662044-1",0,"+",NA,"Distal Intergenic",5,75649094,75656722,7629,1,"16590","uc008xui.3",12851,"ENSMUSG00000005672","Kit","KIT proto-oncogene receptor tyrosine kinase"
"222","chr17",51812606,51812805,200,"*","Merged-chr17-51812705-1",0,"+",NA,"Promoter (<=1kb)",17,51736187,51812054,75868,2,"20230","uc008czd.2",-552,"ENSMUSG00000023927","Satb1","special AT-rich sequence binding protein 1"
"223","chr12",40535315,40535514,200,"*","Merged-chr12-40535414-1",0,"+",NA,"Intron (uc007nlc.1/238130, intron 1 of 5)",12,40446053,40846495,400443,1,"238130","uc007nlk.3",89262,"ENSMUSG00000035954","Dock4","dedicator of cytokinesis 4"
"224","chr2",181483123,181483322,200,"*","Merged-chr2-181483222-1",0,"+",NA,"Distal Intergenic",2,181493206,181494980,1775,1,"241850","uc008omj.2",-9884,"ENSMUSG00000055882","Abhd16b","abhydrolase domain containing 16B"
"225","chr10",127620947,127621146,200,"*","Merged-chr10-127621046-1",0,"+",NA,"Promoter (<=1kb)",10,127538157,127621148,82992,2,"16971","uc007hjx.2",2,"ENSMUSG00000040249","Lrp1","low density lipoprotein receptor-related protein 1"
"226","chr9",51961263,51961462,200,"*","Merged-chr9-51961362-1",0,"+",NA,"Promoter (2-3kb)",9,51943023,51963602,20580,2,"14148","uc009plo.3",2140,"ENSMUSG00000032051","Fdx1","ferredoxin 1"
"227","chr2",170400834,170401033,200,"*","Merged-chr2-170400933-1",0,"+",NA,"Intron (uc008obx.2/76960, intron 1 of 6)",2,170346991,170406848,59858,2,"76960","uc008obx.2",5815,"ENSMUSG00000013523","Bcas1","breast carcinoma amplified sequence 1"
"228","chr17",29345365,29345564,200,"*","Merged-chr17-29345464-1",0,"+",NA,"Promoter (2-3kb)",17,29332076,29347904,15829,2,"56462","uc008bst.1",2340,"ENSMUSG00000024012","Mtch1","mitochondrial carrier 1"
"229","chr2",61577774,61578005,232,"*","Merged-chr2-61577889-2",0,"+",NA,"Promoter (<=1kb)",2,61578586,61654171,75586,1,"21353","uc008juw.3",-581,"ENSMUSG00000064289","Tank","TRAF family member-associated Nf-kappa B activator"
"230","chr10",6987424,6987753,330,"*","Merged-chr10-6987585-10",0,"+",NA,"Intron (uc007efp.2/18390, intron 4 of 5)",10,6917554,6980465,62912,2,"320495","uc007efs.1",-6959,"ENSMUSG00000064065","Ipcef1","interaction protein for cytohesin exchange factors 1"
"231","chr6",100363678,100364189,512,"*","Merged-chr6-100363925-10",0,"+",NA,"Distal Intergenic",6,100228565,100287358,58794,2,"56353","uc009dbw.1",-76320,"ENSMUSG00000072872","Rybp","RING1 and YY1 binding protein"
"232","chr14",79248826,79249240,415,"*","Merged-chr14-79249040-19",0,"+",NA,"Promoter (1-2kb)",14,79212355,79247367,35013,2,"105590","uc007uss.2",-1459,"ENSMUSG00000071262","Zfp957","zinc finger protein 957"
"233","chr3",142645452,142645651,200,"*","Merged-chr3-142645551-1",0,"+",NA,"Distal Intergenic",3,142623860,142623946,87,2,"102465200","uc033iae.1",-21506,"ENSMUSG00000098871","Mir6381","microRNA 6381"
"234","chr7",16923386,16923585,200,"*","Merged-chr7-16923485-1",0,"+",NA,"Promoter (<=1kb)",7,16915379,16924032,8654,2,"12315","uc009fin.1",447,"ENSMUSG00000019370","Calm3","calmodulin 3"
"235","chr11",102309799,102309998,200,"*","Merged-chr11-102309898-1",0,"+",NA,"Promoter (3-4kb)",11,102304563,102313493,8931,2,"21429","uc007lri.2",3495,"ENSMUSG00000020923","Ubtf","upstream binding transcription factor, RNA polymerase I"
"236","chr6",147484616,147484815,200,"*","Merged-chr6-147484715-1",0,"+",NA,"Intron (uc009esy.1/67015, intron 1 of 12)",6,147475871,147632612,156742,1,"67015","uc009esy.1",8745,"ENSMUSG00000030301","Ccdc91","coiled-coil domain containing 91"
"237","chr1",82443267,82443466,200,"*","Merged-chr1-82443366-1",0,"+",NA,"3' UTR",1,82339049,82445366,106318,1,"76867","uc007brr.3",104218,"ENSMUSG00000026142","Rhbdd1","rhomboid domain containing 1"
"238","chr10",127758977,127759177,201,"*","Merged-chr10-127759076-2",0,"+",NA,"Promoter (<=1kb)",10,127759763,127792697,32935,1,"103142","uc007hko.2",-586,"ENSMUSG00000056148","Rdh9","retinol dehydrogenase 9"
"239","chr9",123259681,123259908,228,"*","Merged-chr9-123259798-3",0,"+",NA,"Promoter (<=1kb)",9,123259057,123260789,1733,2,"72309","uc009sgb.1",881,"ENSMUSG00000054871","Tmem158","transmembrane protein 158"
"240","chr17",52468444,52468871,428,"*","Merged-chr17-52468640-52",0,"+",NA,"Distal Intergenic",17,52602709,52979194,376486,1,"211468","uc029tiu.2",-133838,"ENSMUSG00000035580","Kcnh8","potassium voltage-gated channel, subfamily H (eag-related), member 8"
"241","chr7",39544159,39544804,646,"*","Merged-chr7-39544508-62",0,"+",NA,"Distal Intergenic",7,39517766,39540415,22650,1,"70227","uc009glc.1",26393,"ENSMUSG00000068959","Zfp619","zinc finger protein 619"
"242","chr9",92542087,92542735,649,"*","Merged-chr9-92542439-104",0,"+",NA,"Promoter (<=1kb)",9,92542223,92608428,66206,1,"26432","uc009rau.3",0,"ENSMUSG00000032374","Plod2","procollagen lysine, 2-oxoglutarate 5-dioxygenase 2"
"243","chr5",150259396,150260103,708,"*","Merged-chr5-150259783-65",0,"+",NA,"Promoter (<=1kb)",5,150259930,150497753,237824,1,"320365","uc009atv.2",0,"ENSMUSG00000056602","Fry","FRY microtubule binding protein"
"244","chr1",176986210,176986679,470,"*","Merged-chr1-176986467-25",0,"+",NA,"Intron (uc007duj.2/76816, intron 16 of 17)",1,176834624,176836133,1510,2,"15365","uc029quu.1",-150077,NA,"Hmga2-ps1","high mobility group AT-hook 2, pseudogene 1"
"245","chr18",12600993,12601354,362,"*","Merged-chr18-12601171-14",0,"+",NA,"Distal Intergenic",18,12643533,12689445,45913,1,"72747","uc008eci.2",-42179,"ENSMUSG00000024424","Ttc39c","tetratricopeptide repeat domain 39C"
"246","chr14",7791336,7791940,605,"*","Merged-chr14-7791631-72",0,"+",NA,"Exon (uc007sei.1/uc007sei.1, exon 1 of 9)",14,7817957,7882418,64462,1,"286940","uc007sej.1",-26017,"ENSMUSG00000025278","Flnb","filamin, beta"
"247","chr12",117678568,117679537,970,"*","Merged-chr12-117679056-43",0,"+",NA,"Intron (uc007pib.2/217944, intron 11 of 27)",12,117533939,117658403,124465,1,"217944","uc007pic.1",144629,"ENSMUSG00000041992","Rapgef5","Rap guanine nucleotide exchange factor (GEF) 5"
"248","chr15",96778298,96778738,441,"*","Merged-chr15-96778537-47",0,"+",NA,"Distal Intergenic",15,96697855,96699698,1844,2,"67760","uc007xkn.1",-78600,"ENSMUSG00000022462","Slc38a2","solute carrier family 38, member 2"
"249","chr9",77466595,77467181,587,"*","Merged-chr9-77466988-20",0,"+",NA,"Intron (uc009qtj.2/214345, intron 4 of 13)",9,77366412,77399416,33005,2,"70487","uc009qti.1",-67179,"ENSMUSG00000099170","5730403I07Rik","RIKEN cDNA 5730403I07 gene"
"250","chr12",69101926,69102413,488,"*","Merged-chr12-69102156-32",0,"+",NA,"Distal Intergenic",12,69157722,69159186,1465,2,"20090","uc007nrp.2",56773,"ENSMUSG00000034892","Rps29","ribosomal protein S29"
"251","chr8",125391229,125391883,655,"*","Merged-chr8-125391496-45",0,"+",NA,"Distal Intergenic",8,125418063,125492833,74771,2,"244668","uc009nye.1",100950,"ENSMUSG00000001995","Sipa1l2","signal-induced proliferation-associated 1 like 2"
"252","chr9",105887444,105887868,425,"*","Merged-chr9-105887644-48",0,"+",NA,"Intron (uc029xfx.1/665033, intron 33 of 40)",9,105689417,105828085,138669,2,"245026","uc009ris.1",-59359,"ENSMUSG00000043719","Col6a6","collagen, type VI, alpha 6"
"253","chr2",102034048,102034750,703,"*","Merged-chr2-102034492-49",0,"+",NA,"Intron (uc008lhr.2/241576, intron 4 of 5)",2,102057907,102113679,55773,2,"241576","uc012cae.1",78929,"ENSMUSG00000048058","Ldlrad3","low density lipoprotein receptor class A domain containing 3"
"254","chr5",89882134,89882566,433,"*","Merged-chr5-89882343-19",0,"+",NA,"Promoter (<=1kb)",5,89673841,89883334,209494,2,"330119","uc008yaq.2",768,"ENSMUSG00000043635","Adamts3","a disintegrin-like and metallopeptidase (reprolysin type) with thrombospondin type 1 motif, 3"
"255","chr5",149635253,149635452,200,"*","Merged-chr5-149635352-1",0,"+",NA,"Promoter (<=1kb)",5,149616845,149636315,19471,2,"15505","uc009apy.1",863,"ENSMUSG00000029657","Hsph1","heat shock 105kDa/110kDa protein 1"
"256","chr1",144140919,144141306,388,"*","Merged-chr1-144141131-13",0,"+",NA,"Intron (uc007cxh.1/246709, intron 4 of 5)",1,144138667,144177275,38609,2,"246709","uc007cxh.1",35969,"ENSMUSG00000051079","Rgs13","regulator of G-protein signaling 13"
"257","chr3",81835465,81836166,702,"*","Merged-chr3-81835793-30",0,"+",NA,"Distal Intergenic",3,81802025,81805161,3137,1,"320566","uc008pol.1",33440,"ENSMUSG00000103695","A830029E22Rik","RIKEN cDNA A830029E22 gene"
"258","chr6",62014491,62014983,493,"*","Merged-chr6-62014698-25",0,"+",NA,"Intron (uc009cdw.2/232035, intron 10 of 10)",6,61175604,61180810,5207,2,"100504262","uc009cdt.1",-833681,NA,"A730020E08Rik","RIKEN cDNA A730020E08 gene"
"259","chr13",112289335,112289906,572,"*","Merged-chr13-112289570-28",0,"+",NA,"Promoter (<=1kb)",13,112288518,112356181,67664,1,"77318","uc007rwc.1",817,"ENSMUSG00000049985","Ankrd55","ankyrin repeat domain 55"
"260","chr5",140871244,140871625,382,"*","Merged-chr5-140871418-38",0,"+",NA,"Downstream (1-2kb)",5,140872999,140882205,9207,2,"108723","uc009aii.1",10580,"ENSMUSG00000036526","Card11","caspase recruitment domain family, member 11"
"261","chr5",52618157,52618952,796,"*","Merged-chr5-52618672-42",0,"+",NA,"Promoter (<=1kb)",5,52607550,52619011,11462,2,"211001","uc012dwf.1",59,"ENSMUSG00000052295","8030423F21Rik","RIKEN cDNA 8030423F21 gene"
"262","chr2",4380481,4381340,860,"*","Merged-chr2-4380863-20",0,"+",NA,"Intron (uc057lbi.1/209630, intron 1 of 22)",2,4400976,4538897,137922,1,"209630","uc008ier.2",-19636,"ENSMUSG00000026657","Frmd4a","FERM domain containing 4A"
"263","chr10",124138534,124138873,340,"*","Merged-chr10-124138683-21",0,"+",NA,"Distal Intergenic",10,124469074,124524488,55415,1,"75030","uc011xpg.1",-330201,"ENSMUSG00000112364","4930503E24Rik","eukaryotic translation initiation factor 3, subunit I pseudogene"
"264","chr13",84749254,84749578,325,"*","Merged-chr13-84749405-16",0,"+",NA,"Distal Intergenic",13,85189477,85202496,13020,1,"66671","uc007ris.1",-439899,"ENSMUSG00000021548","Ccnh","cyclin H"
"265","chr8",125558634,125559070,437,"*","Merged-chr8-125558804-33",0,"+",NA,"Intron (uc009nyf.1/244668, intron 1 of 21)",8,125418063,125569756,151694,2,"244668","uc009nyf.1",10686,"ENSMUSG00000001995","Sipa1l2","signal-induced proliferation-associated 1 like 2"
"266","chr10",94445043,94445547,505,"*","Merged-chr10-94445343-11",0,"+",NA,"Distal Intergenic",10,94514857,94590954,76098,1,"319880","uc007gvt.2",-69310,"ENSMUSG00000020023","Tmcc3","transmembrane and coiled coil domains 3"
"267","chr10",38884682,38885333,652,"*","Merged-chr10-38884993-65",0,"+",NA,"Distal Intergenic",10,38820541,38821779,1239,2,"215919","uc011xct.1",-62903,"ENSMUSG00000094311","Rfpl4b","ret finger protein-like 4B"
"268","chr18",82825463,82825684,222,"*","Merged-chr18-82825573-2",0,"+",NA,"Distal Intergenic",18,82855897,82859162,3266,1,"73985","uc008fuc.2",-30213,"ENSMUSG00000097738","4930445N18Rik","RIKEN cDNA 4930445N18 gene"
"269","chr17",72937211,72937513,303,"*","Merged-chr17-72937359-6",0,"+",NA,"Intron (uc008dng.2/77889, intron 2 of 2)",17,72918305,72941946,23642,1,"77889","uc008dng.2",18906,"ENSMUSG00000024063","Lbh","limb-bud and heart"
"270","chr4",154935860,154936189,330,"*","Merged-chr4-154936025-18",0,"+",NA,"Distal Intergenic",4,154922210,154928077,5868,2,"230979","uc008wcj.1",-7783,"ENSMUSG00000042333","Tnfrsf14","tumor necrosis factor receptor superfamily, member 14 (herpesvirus entry mediator)"
"271","chr7",78583772,78584115,344,"*","Merged-chr7-78583930-15",0,"+",NA,"Intron (uc012fnd.1/414121, intron 10 of 10)",7,78449625,78577838,128214,2,"18213","uc009hxi.2",-5934,"ENSMUSG00000059146","Ntrk3","neurotrophic tyrosine kinase, receptor, type 3"
"272","chr18",46447543,46447894,352,"*","Merged-chr18-46447727-33",0,"+",NA,"Distal Intergenic",18,46464934,46465816,883,2,"72076","uc012bcs.1",17922,NA,"Mospd4","motile sperm domain containing 4"
"273","chr6",98632425,98633085,661,"*","Merged-chr6-98632758-43",0,"+",NA,"Distal Intergenic",6,98238014,98342754,104741,2,"330390","uc012epp.1",-289671,"ENSMUSG00000090667","Gm765","predicted gene 765"
"274","chr1",176939759,176940119,361,"*","Merged-chr1-176939939-16",0,"+",NA,"Intron (uc011wxh.2/76816, intron 14 of 15)",1,176834624,176836133,1510,2,"15365","uc029quu.1",-103626,NA,"Hmga2-ps1","high mobility group AT-hook 2, pseudogene 1"
"275","chr11",88430293,88430753,461,"*","Merged-chr11-88430516-31",0,"+",NA,"Intron (uc007kvl.2/76626, intron 7 of 13)",11,88339382,88366921,27540,2,"76626","uc007kvk.1",-63372,"ENSMUSG00000069769","Msi2","musashi RNA-binding protein 2"
"276","chr3",148906359,148906658,300,"*","Merged-chr3-148906518-3",0,"+",NA,"Intron (uc008rsb.1/99633, intron 1 of 23)",3,148815586,148954735,139150,2,"99633","uc008rsb.1",48077,"ENSMUSG00000028184","Adgrl2","adhesion G protein-coupled receptor L2"
"277","chr12",108275114,108275950,837,"*","Merged-chr12-108275445-64",0,"+",NA,"Promoter (<=1kb)",12,108206345,108275417,69073,2,"668158","uc011yrs.1",0,"ENSMUSG00000084883","Ccdc85c","coiled-coil domain containing 85C"
"278","chr15",9533197,9533838,642,"*","Merged-chr15-9533546-44",0,"+",NA,"Promoter (3-4kb)",15,9511898,9529876,17979,2,"16197","uc007vfp.2",-3321,"ENSMUSG00000003882","Il7r","interleukin 7 receptor"
"279","chr13",42077554,42078241,688,"*","Merged-chr13-42077893-29",0,"+",NA,"Intron (uc007qfk.1/110521, intron 2 of 8)",13,42052021,42185026,133006,1,"110521","uc007qfk.1",25533,"ENSMUSG00000021366","Hivep1","human immunodeficiency virus type I enhancer binding protein 1"
"280","chr2",59053551,59053936,386,"*","Merged-chr2-59053724-29",0,"+",NA,"Intron (uc057lcy.1/227933, intron 1 of 14)",2,58821697,59160627,338931,2,"227933","uc057lcy.1",106691,"ENSMUSG00000036641","Ccdc148","coiled-coil domain containing 148"
"281","chr2",169088980,169089431,452,"*","Merged-chr2-169089199-37",0,"+",NA,"Distal Intergenic",2,168978269,168978906,638,1,"75508","uc008obn.2",110711,"ENSMUSG00000086348","1700017J07Rik","RIKEN cDNA 1700017J07 gene"
"282","chr19",17268652,17269058,407,"*","Merged-chr19-17268849-24",0,"+",NA,"Distal Intergenic",19,17326141,17339505,13365,2,"14537","uc012bjg.2",70447,"ENSMUSG00000038843","Gcnt1","glucosaminyl (N-acetyl) transferase 1, core 2"
"283","chr2",172937457,172937777,321,"*","Merged-chr2-172937621-25",0,"+",NA,"Promoter (2-3kb)",2,172868012,172940321,72310,2,"12162","uc008odb.3",2544,"ENSMUSG00000008999","Bmp7","bone morphogenetic protein 7"
"284","chr15",64382214,64383010,797,"*","Merged-chr15-64382690-41",0,"+",NA,"Promoter (<=1kb)",15,64086840,64382919,296080,2,"13196","uc007vzk.2",0,"ENSMUSG00000022377","Asap1","ArfGAP with SH3 domain, ankyrin repeat and PH domain1"
"285","chr1",182763726,182764528,803,"*","Merged-chr1-182764155-66",0,"+",NA,"Promoter (<=1kb)",1,182764906,182895654,130749,1,"96935","uc007dyk.1",-378,"ENSMUSG00000038576","Susd4","sushi domain containing 4"
"286","chr11",66905812,66906256,445,"*","Merged-chr11-66906049-23",0,"+",NA,"Exon (uc011xwk.1/100038666, exon 4 of 4)",11,66911991,66928700,16710,1,"193003","uc007jln.1",-5735,"ENSMUSG00000048070","Pirt","phosphoinositide-interacting regulator of transient receptor potential channels"
"287","chr16",45024933,45025132,200,"*","Merged-chr16-45025032-2",0,"+",NA,"Distal Intergenic",16,45093676,45127924,34249,1,"67896","uc007zif.1",-68544,"ENSMUSG00000022665","Ccdc80","coiled-coil domain containing 80"
"288","chr5",86783047,86783508,462,"*","Merged-chr5-86783243-43",0,"+",NA,"Distal Intergenic",5,86804490,86836657,32168,1,"231386","uc008xxw.1",-20982,"ENSMUSG00000035851","Ythdc1","YTH domain containing 1"
"289","chr19",6976115,6976314,200,"*","Merged-chr19-6976214-1",0,"+",NA,"Promoter (1-2kb)",19,6975048,6977324,2277,1,"18938","uc008gjs.1",1067,"ENSMUSG00000056612","Ppp1r14b","protein phosphatase 1, regulatory inhibitor subunit 14B"
"290","chr7",136220218,136220989,772,"*","Merged-chr7-136220645-21",0,"+",NA,"Distal Intergenic",7,136268324,136282140,13817,1,"77383","uc009keo.1",-47335,"ENSMUSG00000110027","C030029H02Rik","RIKEN cDNA C030029H02 gene"
"291","chr5",112129864,112130387,524,"*","Merged-chr5-112130163-21",0,"+",NA,"Distal Intergenic",5,112206763,112210002,3240,1,"75569","uc008ysj.2",-76376,"ENSMUSG00000101683","1700028D13Rik","RIKEN cDNA 1700028D13 gene"
"292","chr1",127303762,127304635,874,"*","Merged-chr1-127304219-34",0,"+",NA,"Promoter (2-3kb)",1,127306637,127482972,176336,1,"107895","uc007cks.1",-2002,"ENSMUSG00000036155","Mgat5","mannoside acetylglucosaminyltransferase 5"
"293","chr14",22269789,22270250,462,"*","Merged-chr14-22270045-12",0,"+",NA,"Intron (uc007slz.2/76633, intron 2 of 6)",14,22019712,23056088,1036377,1,"76633","uc007slz.2",250077,"ENSMUSG00000063458","Lrmda","leucine rich melanocyte differentiation associated"
"294","chr1",73940694,73941287,594,"*","Merged-chr1-73940938-50",0,"+",NA,"Promoter (3-4kb)",1,73910231,73937333,27103,2,"21961","uc007blf.2",-3361,"ENSMUSG00000055322","Tns1","tensin 1"
"295","chr9",102834946,102835517,572,"*","Merged-chr9-102835165-61",0,"+",NA,"Promoter (<=1kb)",9,102834920,102908307,73388,1,"20187","uc012gzi.1",26,"ENSMUSG00000032547","Ryk","receptor-like tyrosine kinase"
"296","chr9",81863487,81864289,803,"*","Merged-chr9-81863870-55",0,"+",NA,"Promoter (<=1kb)",9,81863744,82027491,163748,1,"75033","uc009qvp.1",0,"ENSMUSG00000043289","Mei4","meiotic double-stranded break formation protein 4"
"297","chr7",112917917,112918116,200,"*","Merged-chr7-112918016-3",0,"+",NA,"Distal Intergenic",7,112953962,112957458,3497,1,"78748","uc009jhb.1",-35846,"ENSMUSG00000098132","Rassf10","Ras association (RalGDS/AF-6) domain family (N-terminal) member 10"
"298","chr9",50732928,50733269,342,"*","Merged-chr9-50733086-8",0,"+",NA,"Promoter (4-5kb)",9,50662752,50737735,74984,2,"330938","uc009pkd.2",4466,"ENSMUSG00000032064","Dixdc1","DIX domain containing 1"
"299","chr7",52005540,52005796,257,"*","Merged-chr7-52005667-2",0,"+",NA,"Promoter (<=1kb)",7,51997161,52005714,8554,2,"75744","uc009hcm.2",0,"ENSMUSG00000074093","Svip","small VCP/p97-interacting protein"
"300","chr5",97613867,97614066,200,"*","Merged-chr5-97613966-1",0,"+",NA,"Intron (uc008yfy.1/75814, intron 4 of 4)",5,97455161,97457008,1848,2,"14626","uc008yfz.1",-156859,"ENSMUSG00000050553","Gk2","glycerol kinase 2"
"301","chr7",18872871,18873070,200,"*","Merged-chr7-18872970-1",0,"+",NA,"Distal Intergenic",7,18884690,18890438,5749,1,"21946","uc009fjv.1",-11620,"ENSMUSG00000030413","Pglyrp1","peptidoglycan recognition protein 1"
"302","chr7",63752699,63752898,200,"*","Merged-chr7-63752798-1",0,"+",NA,"Intron (uc009hfl.1/170711, intron 11 of 13)",7,63916857,63920539,3683,1,"381994","uc029wgd.1",-163959,"ENSMUSG00000095061","E030018B13Rik","RIKEN cDNA E030018B13 gene"
"303","chr4",63853810,63854162,353,"*","Merged-chr4-63853989-30",0,"+",NA,"Intron (uc008thd.1/21949, intron 1 of 3)",4,63832824,63861284,28461,2,"21949","uc008thd.1",7122,"ENSMUSG00000028362","Tnfsf8","tumor necrosis factor (ligand) superfamily, member 8"
"304","chr1",189499713,189500224,512,"*","Merged-chr1-189499965-39",0,"+",NA,"Distal Intergenic",1,189207930,189402273,194344,2,"16526","uc007ean.2",-97440,"ENSMUSG00000037624","Kcnk2","potassium channel, subfamily K, member 2"
"305","chr1",180199310,180199742,433,"*","Merged-chr1-180199535-50",0,"+",NA,"Promoter (3-4kb)",1,180182062,180196020,13959,2,"67426","uc011wxo.1",-3290,"ENSMUSG00000026489","Coq8a","coenzyme Q8A"
"306","chr7",49762605,49762891,287,"*","Merged-chr7-49762758-15",0,"+",NA,"Promoter (3-4kb)",7,49759512,49773999,14488,1,"53415","uc009hbr.2",3093,"ENSMUSG00000039745","Htatip2","HIV-1 Tat interactive protein 2"
"307","chr7",125186450,125186964,515,"*","Merged-chr7-125186656-23",0,"+",NA,"Distal Intergenic",7,125331782,125349786,18005,2,"71208","uc009jpy.2",162822,"ENSMUSG00000045928","4933440M02Rik","RIKEN cDNA 4933440M02 gene"
"308","chr6",142451449,142451736,288,"*","Merged-chr6-142451587-10",0,"+",NA,"Exon (uc009epi.2/232493, exon 8 of 17)",6,142422613,142473109,50497,2,"232493","uc009epi.2",21373,"ENSMUSG00000030244","Gys2","glycogen synthase 2"
"309","chr7",84604676,84604925,250,"*","Merged-chr7-84604801-3",0,"+",NA,"Promoter (1-2kb)",7,84585159,84605942,20784,2,"14085","uc009iej.3",1017,"ENSMUSG00000030630","Fah","fumarylacetoacetate hydrolase"
"310","chr1",34011877,34012121,245,"*","Merged-chr1-34011991-3",0,"+",NA,"Promoter (<=1kb)",1,34011825,34308662,296838,1,"13518","uc007aoj.2",52,"ENSMUSG00000026131","Dst","dystonin"
"311","chr3",145663244,145663443,200,"*","Merged-chr3-145663343-1",0,"+",NA,"Distal Intergenic",3,145646971,145649985,3015,2,"16007","uc008rqq.2",-13259,"ENSMUSG00000028195","Cyr61","cysteine rich protein 61"
"312","chr13",103356287,103356486,200,"*","Merged-chr13-103356386-1",0,"+",NA,"Distal Intergenic",13,103023142,103334492,311351,2,"328329","uc007rsf.2",-21795,"ENSMUSG00000034751","Mast4","microtubule associated serine/threonine kinase family member 4"
"313","chr5",52609605,52610247,643,"*","Merged-chr5-52609918-24",0,"+",NA,"Exon (uc012dwf.1/211001, exon 3 of 3)",5,52607550,52619011,11462,2,"211001","uc012dwf.1",8764,"ENSMUSG00000052295","8030423F21Rik","RIKEN cDNA 8030423F21 gene"
"314","chr17",88379215,88379772,558,"*","Merged-chr17-88379493-23",0,"+",NA,"Distal Intergenic",17,88440712,88478069,37358,1,"14236","uc008dvk.2",-60940,"ENSMUSG00000034998","Foxn2","forkhead box N2"
"315","chr9",15103546,15104099,554,"*","Merged-chr9-15103870-28",0,"+",NA,"Intron (uc009ofj.2/244698, intron 1 of 19)",9,15051841,15112108,60268,2,"244698","uc009ofj.2",8009,"ENSMUSG00000031936","Hephl1","hephaestin-like 1"
"316","chr9",15531180,15531540,361,"*","Merged-chr9-15531370-12",0,"+",NA,"Intron (uc009ogb.2/170748, intron 2 of 2)",9,15505218,15545260,40043,1,"170748","uc009ogc.2",25962,"ENSMUSG00000058173","Smco4","single-pass membrane protein with coiled-coil domains 4"
"317","chr4",41314126,41314325,200,"*","Merged-chr4-41314225-1",0,"+",NA,"Promoter (<=1kb)",4,41291300,41314901,23602,2,"68970","uc008sil.2",576,"ENSMUSG00000028436","Dcaf12","DDB1 and CUL4 associated factor 12"
"318","chr5",148994547,148994746,200,"*","Merged-chr5-148994646-1",0,"+",NA,"Promoter (<=1kb)",5,148990056,148995215,5160,2,"319982","uc009aoz.1",469,"ENSMUSG00000106951","5930430L01Rik","RIKEN cDNA 5930430L01 gene"
"319","chr15",59618354,59618804,451,"*","Merged-chr15-59618561-44",0,"+",NA,"Distal Intergenic",15,59648654,59653167,4514,1,"211770","uc007vxw.1",-29850,"ENSMUSG00000032501","Trib1","tribbles pseudokinase 1"
"320","chr7",135597882,135598163,282,"*","Merged-chr7-135598022-2",0,"+",NA,"Promoter (4-5kb)",7,135593481,135686294,92814,1,"19267","uc009kef.1",4401,"ENSMUSG00000041836","Ptpre","protein tyrosine phosphatase, receptor type, E"
"321","chr9",52349039,52349545,507,"*","Merged-chr9-52349266-37",0,"+",NA,"Distal Intergenic",9,52120157,52168572,48416,2,"244871","uc009plw.1",-180467,"ENSMUSG00000035164","Zc3h12c","zinc finger CCCH type containing 12C"
"322","chr5",86741121,86741550,430,"*","Merged-chr5-86741340-29",0,"+",NA,"Promoter (4-5kb)",5,86705186,86745807,40622,2,"243084","uc008xxv.1",4257,"ENSMUSG00000054537","Tmprss11e","transmembrane protease, serine 11e"
"323","chr18",60632699,60633392,694,"*","Merged-chr18-60633052-25",0,"+",NA,"Promoter (2-3kb)",18,60593990,60630085,36096,2,"104027","uc008faq.2",-2614,"ENSMUSG00000043079","Synpo","synaptopodin"
"324","chr7",136894140,136894936,797,"*","Merged-chr7-136894538-85",0,"+",NA,"Promoter (<=1kb)",7,136894611,137128188,233578,1,"17314","uc009keq.1",0,"ENSMUSG00000054612","Mgmt","O-6-methylguanine-DNA methyltransferase"
"325","chr4",116876732,116876931,200,"*","Merged-chr4-116876831-1",0,"+",NA,"Promoter (<=1kb)",4,116877402,116989105,111704,1,"74464","uc008uhq.1",-471,"ENSMUSG00000033948","Zswim5","zinc finger SWIM-type containing 5"
"326","chr18",50062823,50063022,200,"*","Merged-chr18-50062922-1",0,"+",NA,"Intron (uc008ewq.2/106869, intron 1 of 2)",18,50051677,50053844,2168,2,"102635912","uc008ewu.1",-8979,NA,"C030005K06Rik","RIKEN cDNA C030005K06 gene"
"327","chr1",89069536,89069735,200,"*","Merged-chr1-89069635-1",0,"+",NA,"Promoter (<=1kb)",1,89070462,89153793,83332,1,"98402","uc007byv.1",-727,"ENSMUSG00000036206","Sh3bp4","SH3-domain binding protein 4"
"328","chr1",24612721,24612920,200,"*","Merged-chr1-24612820-1",0,"+",NA,"Distal Intergenic",1,24279770,24587437,307668,2,"12823","uc007amr.1",-25284,"ENSMUSG00000026141","Col19a1","collagen, type XIX, alpha 1"
"329","chr7",88205467,88205666,200,"*","Merged-chr7-88205566-1",0,"+",NA,"Distal Intergenic",7,88278085,88292159,14075,1,"13032","uc009ift.3",-72419,"ENSMUSG00000030560","Ctsc","cathepsin C"
"330","chr2",102033714,102033913,200,"*","Merged-chr2-102033813-1",0,"+",NA,"Intron (uc008lhr.2/241576, intron 4 of 5)",2,102057907,102113679,55773,2,"241576","uc012cae.1",79766,"ENSMUSG00000048058","Ldlrad3","low density lipoprotein receptor class A domain containing 3"
"331","chr9",15552224,15552764,541,"*","Merged-chr9-15552550-14",0,"+",NA,"Distal Intergenic",9,15505218,15545260,40043,1,"170748","uc009ogc.2",47006,"ENSMUSG00000058173","Smco4","single-pass membrane protein with coiled-coil domains 4"
"332","chr4",86725188,86725564,377,"*","Merged-chr4-86725378-12",0,"+",NA,"Distal Intergenic",4,86748555,86826080,77526,1,"329877","uc033idc.1",-22991,"ENSMUSG00000038024","Dennd4c","DENN/MADD domain containing 4C"
"333","chr2",61492088,61492543,456,"*","Merged-chr2-61492330-26",0,"+",NA,"Distal Intergenic",2,61578586,61654171,75586,1,"21353","uc008juw.3",-86043,"ENSMUSG00000064289","Tank","TRAF family member-associated Nf-kappa B activator"
"334","chr9",72890496,72891219,724,"*","Merged-chr9-72890879-25",0,"+",NA,"Exon (uc009qqh.1/235472, exon 12 of 20)",9,72925650,72946015,20366,1,"72135","uc009qqi.1",-34431,"ENSMUSG00000034910","Pygo1","pygopus 1"
"335","chr2",117542668,117543178,511,"*","Merged-chr2-117542874-17",0,"+",NA,"Distal Intergenic",2,117279993,117342877,62885,2,"19419","uc033hpk.1",-199791,"ENSMUSG00000027347","Rasgrp1","RAS guanyl releasing protein 1"
"336","chr9",103134420,103134942,523,"*","Merged-chr9-103134672-43",0,"+",NA,"Intron (uc009rgf.1/270192, intron 1 of 7)",9,103112074,103185270,73197,1,"270192","uc009rgf.1",22346,"ENSMUSG00000032549","Rab6b","RAB6B, member RAS oncogene family"
"337","chr3",132927736,132928182,447,"*","Merged-chr3-132927951-20",0,"+",NA,"Intron (uc029uos.2/114249, intron 2 of 11)",3,132881745,132949814,68070,2,"114249","uc029uos.2",21632,"ENSMUSG00000040998","Npnt","nephronectin"
"338","chr3",86915251,86915558,308,"*","Merged-chr3-86915418-7",0,"+",NA,"Intron (uc008prl.3/70762, intron 1 of 15)",3,86786150,86920884,134735,2,"70762","uc008prl.3",5326,"ENSMUSG00000028078","Dclk2","doublecortin-like kinase 2"
"339","chr4",114405719,114406155,437,"*","Merged-chr4-114405939-23",0,"+",NA,"Promoter (<=1kb)",4,114406724,114615098,208375,1,"666048","uc008ueb.1",-569,"ENSMUSG00000070867","Trabd2b","TraB domain containing 2B"
"340","chr4",154942333,154942927,595,"*","Merged-chr4-154942654-46",0,"+",NA,"Distal Intergenic",4,154922210,154928077,5868,2,"230979","uc008wcj.1",-14256,"ENSMUSG00000042333","Tnfrsf14","tumor necrosis factor receptor superfamily, member 14 (herpesvirus entry mediator)"
