motif_name,subfamily,family,class,superclass,DKO_Tfh_vs_Prdm1KO_Tfh.up,DKO_Tfh_vs_WT_Tfh.up,DKO_Th1_vs_Bcl6KO_Th1.up,DKO_Th1_vs_WT_Th1.up,WT_Tfh_vs_WT_Th1.dn,WT_Tfh_vs_WT_Th1.up
Arnt:Ahr(bHLH),NA,NA,NA,NA,14.47,13.92,12.27,11.51,15.36,11.57
"ETS:RUNX(ETS,Runt)",NA,NA,NA,NA,7.29,7.23,5.33,6,7.93,4.26
EWS:ERG-fusion(ETS),NA,NA,NA,NA,26.42,26.85,23.22,24.24,27.65,22.2
EWS:FLI1-fusion(ETS),NA,NA,NA,NA,23.35,23.31,19.75,20.45,25.14,19.51
"NFAT:AP1(RHD,bZIP)",NA,NA,NA,NA,3.34,3.35,4.2,3.84,3.5,5.26
E2A(bHLH),NA,Family: E2A-related factors | CAGGTG,Class: Basic helix-loop-helix factors (bHLH),Superclass: Basic domains,30.61,30.31,28.89,28.35,31.57,27.86
"E2A(bHLH),near_PU.1",NA,Family: E2A-related factors | CAGGTG,Class: Basic helix-loop-helix factors (bHLH),Superclass: Basic domains,29.64,29.92,27.57,27.49,30.42,26.64
TCF4(bHLH),NA,Family: E2A-related factors | CAGGTG,Class: Basic helix-loop-helix factors (bHLH),Superclass: Basic domains,28.59,28.69,28.98,28.62,28.76,28.62
Hes5+M0215,Subfamily: Hairy-like factors | CACGAG,Family: Hairy-related factors | CACGAG,Class: Basic helix-loop-helix factors (bHLH),Superclass: Basic domains,11.21,11.27,11.24,9.93,12.86,11.04
bHLHE41(bHLH),Subfamily: Hairy-like factors | CACGAG,Family: Hairy-related factors | CACGAG,Class: Basic helix-loop-helix factors (bHLH),Superclass: Basic domains,22.46,22.65,21.41,20.77,24.68,21.73
Ascl2+M5987,Subfamily: Achaete-Scute-like factors,Family: MyoD / ASC-related factors | CAGGTG,Class: Basic helix-loop-helix factors (bHLH),Superclass: Basic domains,8.88,8.42,8.46,8.26,9.16,8
BATF(bZIP),NA,Family: B-ATF-related factors | TGAGTCA,Class: Basic leucine zipper factors (bZIP),Superclass: Basic domains,17.57,18.77,20.38,19.05,16.9,17.29
Atf1(bZIP),Subfamily: CREB-like factors | TGACGTCA,Family: CREB-related factors | TGACGTCA,Class: Basic leucine zipper factors (bZIP),Superclass: Basic domains,14.08,14.35,13,13.72,14.25,13.26
Creb1+M0297,Subfamily: CREB-like factors | TGACGTCA,Family: CREB-related factors | TGACGTCA,Class: Basic leucine zipper factors (bZIP),Superclass: Basic domains,14.39,14.62,12.71,12.64,16.06,12.38
Atf3(bZIP),Subfamily: ATF-3-like factors | TGACGTCA,Family: Fos-related factors | (TGAGTCA),Class: Basic leucine zipper factors (bZIP),Superclass: Basic domains,17.53,18.62,20.23,18.74,16.98,17.35
Fra1(bZIP),Subfamily: Fos factors | (TGAGTCA),Family: Fos-related factors | (TGAGTCA),Class: Basic leucine zipper factors (bZIP),Superclass: Basic domains,15.21,16.58,18.08,16.7,14.63,15.6
Fra2(bZIP),Subfamily: Fos factors | (TGAGTCA),Family: Fos-related factors | (TGAGTCA),Class: Basic leucine zipper factors (bZIP),Superclass: Basic domains,13.65,14.81,16.37,14.99,13.59,13.96
AP-1(bZIP),Subfamily: Jun factors | TGAGTCA,Family: Jun-related factors | TGAGTCA,Class: Basic leucine zipper factors (bZIP),Superclass: Basic domains,18.89,20.15,21.26,20,18.71,18.57
Jun+M0311,Subfamily: Jun factors | TGAGTCA,Family: Jun-related factors | TGAGTCA,Class: Basic leucine zipper factors (bZIP),Superclass: Basic domains,18.97,20.58,20.14,20.45,19.02,19.28
JunB(bZIP),Subfamily: Jun factors | TGAGTCA,Family: Jun-related factors | TGAGTCA,Class: Basic leucine zipper factors (bZIP),Superclass: Basic domains,15.4,16.88,18.28,16.98,15.17,15.6
E2F3(E2F),Subfamily: E2F,Family: E2F-related factors,Class: Fork head / winged helix factors,Superclass: Helix-turn-helix domains,13.96,14.12,13.39,11.87,16.98,13.03
E2F6(E2F),Subfamily: E2F,Family: E2F-related factors,Class: Fork head / winged helix factors,Superclass: Helix-turn-helix domains,12.45,12.73,11.63,10.02,15.36,11.04
E2f2+M0670,Subfamily: E2F,Family: E2F-related factors,Class: Fork head / winged helix factors,Superclass: Helix-turn-helix domains,26.3,26.38,24.68,22.66,30.54,25.53
EHF(ETS),Subfamily: EHF-like factors | CCGGAAGT,Family: Ets-related factors | GGAAG,Class: Tryptophan cluster factors,Superclass: Helix-turn-helix domains,36.89,36.08,32.26,33.77,37.62,32.24
ELF1(ETS),Subfamily: Elf-1-like factors | CCGGAAAT,Family: Ets-related factors | GGAAG,Class: Tryptophan cluster factors,Superclass: Helix-turn-helix domains,19.78,20,17.3,16.88,22.6,17.23
Elf2+M0708,Subfamily: Elf-1-like factors | CCGGAAAT,Family: Ets-related factors | GGAAG,Class: Tryptophan cluster factors,Superclass: Helix-turn-helix domains,56.67,56.35,51.17,51.65,59.72,48.66
Elf4(ETS),Subfamily: Elf-1-like factors | CCGGAAAT,Family: Ets-related factors | GGAAG,Class: Tryptophan cluster factors,Superclass: Helix-turn-helix domains,35.65,35.42,29.86,31.42,37.54,29.03
ETV1(ETS),Subfamily: Elk-like factors | CCGGAAG,Family: Ets-related factors | GGAAG,Class: Tryptophan cluster factors,Superclass: Helix-turn-helix domains,46.39,46.38,40.08,41.67,49.25,38.2
ETV4(ETS),Subfamily: Elk-like factors | CCGGAAG,Family: Ets-related factors | GGAAG,Class: Tryptophan cluster factors,Superclass: Helix-turn-helix domains,41.08,41.15,34.75,35.58,44.59,32.54
Elk1(ETS),Subfamily: Elk-like factors | CCGGAAG,Family: Ets-related factors | GGAAG,Class: Tryptophan cluster factors,Superclass: Helix-turn-helix domains,21.68,21.5,18.38,18.37,24.49,18.63
Elk3+M0692,Subfamily: Elk-like factors | CCGGAAG,Family: Ets-related factors | GGAAG,Class: Tryptophan cluster factors,Superclass: Helix-turn-helix domains,21.53,21.38,18.48,18.06,24.49,18.69
ETS1(ETS),Subfamily: Ets-like factors | CCGGAAG,Family: Ets-related factors | GGAAG,Class: Tryptophan cluster factors,Superclass: Helix-turn-helix domains,39.41,39.54,32.84,34.27,41.55,31.37
Etv2(ETS),Subfamily: Ets-like factors | CCGGAAG,Family: Ets-related factors | GGAAG,Class: Tryptophan cluster factors,Superclass: Helix-turn-helix domains,35.96,35.62,30.16,32.01,37.58,29.5
Fli1(ETS),Subfamily: Ets-like factors | CCGGAAG,Family: Ets-related factors | GGAAG,Class: Tryptophan cluster factors,Superclass: Helix-turn-helix domains,41.08,40.46,35.83,36.34,43.67,34.58
GABPA(ETS),Subfamily: Ets-like factors | CCGGAAG,Family: Ets-related factors | GGAAG,Class: Tryptophan cluster factors,Superclass: Helix-turn-helix domains,35.26,35.27,30.06,30.88,37.97,28.8
PU.1(ETS),Subfamily: Spi-like factors | AGAGGAAG,Family: Ets-related factors | GGAAG,Class: Tryptophan cluster factors,Superclass: Helix-turn-helix domains,19.67,18.96,16.67,17.34,20.56,15.48
IRF4(IRF),NA,Family: Interferon-regulatory factors | AAGTGAA,Class: Tryptophan cluster factors,Superclass: Helix-turn-helix domains,12.76,12.65,13,13.36,12.24,10.28
Irf5+M1267,NA,Family: Interferon-regulatory factors | AAGTGAA,Class: Tryptophan cluster factors,Superclass: Helix-turn-helix domains,29.33,29.54,29.03,31.24,29.34,26.29
Irf6+M1266,NA,Family: Interferon-regulatory factors | AAGTGAA,Class: Tryptophan cluster factors,Superclass: Helix-turn-helix domains,35.38,35.88,35.24,36.84,35.54,31.78
Irf7+M1265,NA,Family: Interferon-regulatory factors | AAGTGAA,Class: Tryptophan cluster factors,Superclass: Helix-turn-helix domains,47.75,47.5,47.9,48.94,45.98,47.66
Nfat5+M1519,NA,Family: NFAT-related factors | ATGGAAA,Class: Rel homology region (RHR) factors,Superclass: Immunoglobulin fold,28.2,29.31,29.91,30.34,28.53,29.56
Nfatc2+M1518,NA,Family: NFAT-related factors | ATGGAAA,Class: Rel homology region (RHR) factors,Superclass: Immunoglobulin fold,27.23,28.27,29.13,29.39,27.8,30.72
Nfatc3+M1517,NA,Family: NFAT-related factors | ATGGAAA,Class: Rel homology region (RHR) factors,Superclass: Immunoglobulin fold,29.33,30.19,32.6,32.42,29.77,33.7
RUNX1(Runt),NA,Family: Runt-related factors | TGTGGT,Class: Runt domain factors,Superclass: Immunoglobulin fold,37.39,38.08,32.5,34.67,35.31,25.29
RUNX2(Runt),NA,Family: Runt-related factors | TGTGGT,Class: Runt domain factors,Superclass: Immunoglobulin fold,30.92,31.88,28.35,29.71,30.23,20.44
RUNX3+M5791,NA,Family: Runt-related factors | TGTGGT,Class: Runt domain factors,Superclass: Immunoglobulin fold,0.43,0.42,0.34,0.27,0.27,0.29
STAT4(Stat),NA,Family: STAT factors | TTCCCGGAA,Class: STAT domain factors,Superclass: Immunoglobulin fold,19.67,20,19.11,20,18.64,18.63
Stat3(Stat),NA,Family: STAT factors | TTCCCGGAA,Class: STAT domain factors,Superclass: Immunoglobulin fold,11.71,12,10.61,11.24,12.09,9.87
Stat3+il21(Stat),NA,Family: STAT factors | TTCCCGGAA,Class: STAT domain factors,Superclass: Immunoglobulin fold,16.02,16.04,15,15.49,15.94,14.37
Stat5a+M3985,NA,Family: STAT factors | TTCCCGGAA,Class: STAT domain factors,Superclass: Immunoglobulin fold,4.69,4.73,3.52,4.24,4.39,3.21
Stat5b+M3990,NA,Family: STAT factors | TTCCCGGAA,Class: STAT domain factors,Superclass: Immunoglobulin fold,1.67,1.77,1.37,1.72,1.81,1.11
Tbet(T-box),NA,Family: TBrain-related factors | AGGTGTGAA,Class: T-Box factors,Superclass: Immunoglobulin fold,26.76,27.54,22.83,24.29,26.68,20.85
Tbr1(T-box),NA,Family: TBrain-related factors | AGGTGTGAA,Class: T-Box factors,Superclass: Immunoglobulin fold,31.11,32,29.08,28.98,30.92,25.76
Tbx21(T-box),NA,Family: TBrain-related factors | AGGTGTGAA,Class: T-Box factors,Superclass: Immunoglobulin fold,25.6,26.23,21.95,22.66,24.95,19.74
LEF1(HMG),NA,Family: TCF-7-related factors | TTCAAAG,Class: High-mobility group (HMG) domain factors,Superclass: Other all-a-helical DNA-binding domains,13.77,14.12,19.75,19.01,11.78,20.15
Tcf4(HMG),NA,Family: TCF-7-related factors | TTCAAAG,Class: High-mobility group (HMG) domain factors,Superclass: Other all-a-helical DNA-binding domains,10.05,10.46,14.42,14.13,8.09,15.3
Tcf7(HMG),NA,Family: TCF-7-related factors | TTCAAAG,Class: High-mobility group (HMG) domain factors,Superclass: Other all-a-helical DNA-binding domains,7.8,8.42,11.83,11.33,6.28,12.44
Zbtb1+M0413,Subfamily: ZBTB1-like factors,Family: Factors with multiple dispersed zinc fingers,Class: C2H2 zinc finger factors,Superclass: Zinc-coordinating DNA-binding domains,22.77,22.96,21.55,19.46,25.84,21.32
Bcl6(Zf),Subfamily: BCL6 factors,Family: More than 3 adjacent zinc finger factors,Class: C2H2 zinc finger factors,Superclass: Zinc-coordinating DNA-binding domains,26.73,26.81,25.37,25.69,27.07,22.78
PRDM1(Zf),Subfamily: PRDM1-like factors | AAGTGAAAGT,Family: More than 3 adjacent zinc finger factors,Class: C2H2 zinc finger factors,Superclass: Zinc-coordinating DNA-binding domains,11.99,12.23,11.68,12.19,11.82,11.04
Zfp161+M0432,Subfamily: unclassified,Family: More than 3 adjacent zinc finger factors,Class: C2H2 zinc finger factors,Superclass: Zinc-coordinating DNA-binding domains,21.53,21.69,21.36,19.05,25.99,21.67
Zfp691+M0428,Subfamily: unclassified,Family: More than 3 adjacent zinc finger factors,Class: C2H2 zinc finger factors,Superclass: Zinc-coordinating DNA-binding domains,26.34,26.5,24.88,24.29,27.34,25.06
Egr1(Zf),Subfamily: EGR factors | GCGTGGGCG,Family: Three-zinc finger Krppel-related factors,Class: C2H2 zinc finger factors,Superclass: Zinc-coordinating DNA-binding domains,18.62,18.19,18.43,16.88,19.48,18.75
KLF10(Zf),Subfamily: Krppel-like factors | CCACACCCT,Family: Three-zinc finger Krppel-related factors,Class: C2H2 zinc finger factors,Superclass: Zinc-coordinating DNA-binding domains,17.53,17.42,14.96,14.67,19.18,13.26
KLF3(Zf),Subfamily: Krppel-like factors | CCACACCCT,Family: Three-zinc finger Krppel-related factors,Class: C2H2 zinc finger factors,Superclass: Zinc-coordinating DNA-binding domains,20.99,20.88,17.06,17.38,23.07,14.95
KLF5(Zf),Subfamily: Krppel-like factors | CCACACCCT,Family: Three-zinc finger Krppel-related factors,Class: C2H2 zinc finger factors,Superclass: Zinc-coordinating DNA-binding domains,39.53,39.65,34.65,34.22,42.16,31.02
KLF6(Zf),Subfamily: Krppel-like factors | CCACACCCT,Family: Three-zinc finger Krppel-related factors,Class: C2H2 zinc finger factors,Superclass: Zinc-coordinating DNA-binding domains,32.12,32.35,28.1,27.77,35.43,24.36
Klf1+M2294,Subfamily: Krppel-like factors | CCACACCCT,Family: Three-zinc finger Krppel-related factors,Class: C2H2 zinc finger factors,Superclass: Zinc-coordinating DNA-binding domains,17.26,16.96,13.93,14.18,18.75,10.86
Klf12+M0443,Subfamily: Krppel-like factors | CCACACCCT,Family: Three-zinc finger Krppel-related factors,Class: C2H2 zinc finger factors,Superclass: Zinc-coordinating DNA-binding domains,47.25,47.15,42.23,41.67,50.83,38.73
Klf4(Zf),Subfamily: Krppel-like factors | CCACACCCT,Family: Three-zinc finger Krppel-related factors,Class: C2H2 zinc finger factors,Superclass: Zinc-coordinating DNA-binding domains,16.52,16.15,12.81,13.27,17.87,9.7
Klf7+M0405,Subfamily: Krppel-like factors | CCACACCCT,Family: Three-zinc finger Krppel-related factors,Class: C2H2 zinc finger factors,Superclass: Zinc-coordinating DNA-binding domains,45.89,45.69,41.1,40.86,49.56,37.68
Klf8+M0421,Subfamily: Krppel-like factors | CCACACCCT,Family: Three-zinc finger Krppel-related factors,Class: C2H2 zinc finger factors,Superclass: Zinc-coordinating DNA-binding domains,68.5,68.69,65.3,64.56,71.81,61.39
KLF14(Zf),Subfamily: Sp1-like factors | GGGGCGGGG,Family: Three-zinc finger Krppel-related factors,Class: C2H2 zinc finger factors,Superclass: Zinc-coordinating DNA-binding domains,45.66,45.5,40.91,40.5,49.06,37.91
Sp2(Zf),Subfamily: Sp1-like factors | GGGGCGGGG,Family: Three-zinc finger Krppel-related factors,Class: C2H2 zinc finger factors,Superclass: Zinc-coordinating DNA-binding domains,40.92,41.19,37.44,36.61,45.13,33.82
Sp4+M0401,Subfamily: Sp1-like factors | GGGGCGGGG,Family: Three-zinc finger Krppel-related factors,Class: C2H2 zinc finger factors,Superclass: Zinc-coordinating DNA-binding domains,21.41,21.46,20.97,18.78,25.34,19.92
Dmrta1+M0641,NA,Family: DMRT | TGATACATTGTTGC,Class: DM-type intertwined zinc finger factors,Superclass: Zinc-coordinating DNA-binding domains,29.79,29.65,30.25,30.97,27.65,30.84
Dmrtc2+M0635,NA,Family: DMRT | TGATACATTGTTGC,Class: DM-type intertwined zinc finger factors,Superclass: Zinc-coordinating DNA-binding domains,28.08,29.08,29.47,29.62,26.76,29.85
GATA3(Zf),Subfamily: Two zinc-finger GATA factors | AGATAA,Family: GATA-type zinc fingers,Class: Other C4 zinc finger-type factors,Superclass: Zinc-coordinating DNA-binding domains,26.14,26.19,26.54,27.22,24.87,24.47
"GATA3(Zf),DR4",Subfamily: Two zinc-finger GATA factors | AGATAA,Family: GATA-type zinc fingers,Class: Other C4 zinc finger-type factors,Superclass: Zinc-coordinating DNA-binding domains,1.12,1.35,1.52,1.49,1.23,1.29
"GATA3(Zf),DR8",Subfamily: Two zinc-finger GATA factors | AGATAA,Family: GATA-type zinc fingers,Class: Other C4 zinc finger-type factors,Superclass: Zinc-coordinating DNA-binding domains,1.12,1.15,1.17,1.17,1.19,1.05
Gmeb1+M1550,Subfamily: GMEB,Family: GMEB | CTTCTGTATGAGCGCCAGTAT,Class: SAND domain factors,Superclass:a-Helices exposed byb-structures,42.71,42.85,42.23,40.14,46.05,42.29
Gmeb2+M1551,Subfamily: GMEB,Family: GMEB | CTTCTGTATGAGCGCCAGTAT,Class: SAND domain factors,Superclass:a-Helices exposed byb-structures,38.21,38.38,37.63,35.67,41.43,38.49
Smad4(MAD),Subfamily: Co-activating Smads (Co-Smad),Family: SMAD factors | GTCTAGAC,Class: SMAD/NF-1 DNA-binding domain factors,Superclass:b-Hairpin exposed by ana/b-scaffold,33.71,33.54,29.91,31.29,34.5,30.43
Smad2(MAD),Subfamily: Regulatory Smads (R-Smad),Family: SMAD factors | GTCTAGAC,Class: SMAD/NF-1 DNA-binding domain factors,Superclass:b-Hairpin exposed by ana/b-scaffold,32.58,32.35,29.81,30.47,33,30.08
