"","seqnames","start","end","width","strand","V4","annotation","geneChr","geneStart","geneEnd","geneLength","geneStrand","geneId","transcriptId","distanceToTSS","ENSEMBL","SYMBOL","GENENAME"
"1","chr6",65818205,65818829,625,"*","Merged-chr6-65818480-32","Intron (uc009cej.1/70779, intron 2 of 2)",6,65778962,65936377,157416,1,"70779","uc012emx.1",39243,"ENSMUSG00000029913","Prdm5","PR domain containing 5"
"2","chr6",51280234,51280547,314,"*","Merged-chr6-51280406-9","Distal Intergenic",6,51269812,51269910,99,2,"387166","uc012elv.1",-10324,"ENSMUSG00000065505","Mir148a","microRNA 148a"
"3","chr5",144165713,144166238,526,"*","Merged-chr5-144166019-31","Intron (uc009alg.1/231876, intron 8 of 13)",5,144190286,144194441,4156,1,"17341","uc009alh.1",-24048,"ENSMUSG00000052271","Bhlha15","basic helix-loop-helix family, member a15"
"4","chr9",20765203,20765750,548,"*","Merged-chr9-20765445-35","Distal Intergenic",9,20667986,20728214,60229,2,"244723","uc009oje.1",-36989,"ENSMUSG00000032172","Olfm2","olfactomedin 2"
"5","chr3",65650400,65650830,431,"*","Merged-chr3-65650597-39","Distal Intergenic",3,65659288,65659426,139,1,"102465905","uc033hua.1",-8458,"ENSMUSG00000098944","Mir8120","microRNA 8120"
"6","chr18",60501909,60502840,932,"*","Merged-chr18-60502470-34","Promoter (<=1kb)",18,60474191,60501983,27793,2,"106878","uc008fag.1",0,"ENSMUSG00000038059","Smim3","small integral membrane protein 3"
"7","chr16",29837196,29837582,387,"*","Merged-chr16-29837368-7","Exon (uc007ywh.2/uc007ywh.2, exon 2 of 2)",16,29957927,29979124,21198,2,"328657","uc007ywj.1",141542,"ENSMUSG00000075286","Gm1968","predicted gene 1968"
"8","chr17",8190028,8190974,947,"*","Merged-chr17-8190546-24","Intron (uc008ajb.2/75296, intron 9 of 11)",17,8165518,8196470,30953,1,"75296","uc008ajc.2",24510,"ENSMUSG00000069135","Fgfr1op","Fgfr1 oncogene partner"
"9","chr8",106948813,106949255,443,"*","Merged-chr8-106949012-29","Intron (uc009ngt.1/20650, intron 1 of 6)",8,106935750,107014192,78443,1,"20650","uc012gjx.1",13063,"ENSMUSG00000041308","Sntb2","syntrophin, basic 2"
"10","chr2",23005989,23006668,680,"*","Merged-chr2-23006422-36","Intron (uc008inr.2/11308, intron 1 of 9)",2,22939989,23040241,100253,2,"11308","uc008inr.2",33573,"ENSMUSG00000058835","Abi1","abl-interactor 1"
"11","chr14",105482834,105483688,855,"*","Merged-chr14-105483315-60","Distal Intergenic",14,105498788,105505629,6842,1,"74864","uc007uxt.4",-15100,"ENSMUSG00000022116","4930449E01Rik","RIKEN cDNA 4930449E01 gene"
"12","chrX",59951121,59951583,463,"*","Merged-chrX-59951386-23","Distal Intergenic",20,59999464,60030760,31297,1,"14071","uc009thw.2",-47881,"ENSMUSG00000031138","F9","coagulation factor IX"
"13","chr12",13461609,13462762,1154,"*","Merged-chr12-13462144-83","Intron (uc007nbj.2/71169, intron 40 of 51)",12,13487122,13561730,74609,1,"71169","uc007nbl.1",-24360,"ENSMUSG00000020576","Nbas","neuroblastoma amplified sequence"
"14","chr1",79751769,79752819,1051,"*","Merged-chr1-79752241-78","Intron (uc007bqu.2/69368, intron 1 of 11)",1,79702262,79761769,59508,2,"69368","uc007bqu.2",8950,"ENSMUSG00000073643","Wdfy1","WD repeat and FYVE domain containing 1"
"15","chr5",71903261,71903874,614,"*","Merged-chr5-71903621-28","Intron (uc008xrb.1/14400, intron 4 of 8)",5,71700016,72137244,437229,1,"14400","uc008xrb.1",203245,"ENSMUSG00000029212","Gabrb1","gamma-aminobutyric acid (GABA) A receptor, subunit beta 1"
"16","chr3",99233350,99233574,225,"*","Merged-chr3-99233461-2","Distal Intergenic",3,99253760,99354260,100501,1,"21384","uc008qql.1",-20186,"ENSMUSG00000027868","Tbx15","T-box 15"
"17","chr9",69757271,69757603,333,"*","Merged-chr9-69757438-24","Promoter (1-2kb)",9,69758740,69830199,71460,1,"319970","uc009qnj.2",-1137,"ENSMUSG00000097623","B230323A14Rik","RIKEN cDNA B230323A14 gene"
"18","chr7",27740946,27741355,410,"*","Merged-chr7-27741137-12","Exon (uc009fwz.1/22718, exon 4 of 5)",7,27731409,27751689,20281,1,"22718","uc009fxa.1",9537,"ENSMUSG00000037640","Zfp60","zinc finger protein 60"
"19","chr10",26995544,26996347,804,"*","Merged-chr10-26995981-48","Intron (uc007esf.2/16773, intron 38 of 44)",10,26981285,27212254,230970,2,"16773","uc007esf.2",215907,"ENSMUSG00000019899","Lama2","laminin, alpha 2"
"20","chr9",88332438,88332813,376,"*","Merged-chr9-88332643-26","Promoter (4-5kb)",9,88327609,88372089,44481,1,"23959","uc009qyj.2",4829,"ENSMUSG00000032420","Nt5e","5' nucleotidase, ecto"
"21","chr15",4124608,4125061,454,"*","Merged-chr15-4124842-36","Intron (uc007vck.2/67041, intron 13 of 16)",15,4021689,4027406,5718,2,"414066","uc007vcj.2",-97202,NA,"BC037032","cDNA Sequence BC037032"
"22","chr16",96208429,96208836,408,"*","Merged-chr16-96208613-13","Intron (uc008acu.1/50795, intron 2 of 7)",16,96200470,96228933,28464,1,"50795","uc008acu.1",7959,"ENSMUSG00000040666","Sh3bgr","SH3-binding domain glutamic acid-rich protein"
"23","chr12",111238829,111239190,362,"*","Merged-chr12-111239020-11","Exon (uc007pcl.2/22031, exon 4 of 12)",12,111248483,111267155,18673,1,"22031","uc007pco.2",-9293,"ENSMUSG00000021277","Traf3","TNF receptor-associated factor 3"
"24","chr18",68052688,68053153,466,"*","Merged-chr18-68052962-20","Intron (uc008fng.1/52662, intron 1 of 5)",18,67933257,68255549,322293,1,"52662","uc008fng.1",119431,"ENSMUSG00000024544","Ldlrad4","low density lipoprotein receptor class A domain containing 4"
"25","chr9",7472666,7473253,588,"*","Merged-chr9-7473003-16","Intron (uc009ocp.1/83995, intron 7 of 10)",9,7464141,7476869,12729,1,"83995","uc009ocp.1",8525,"ENSMUSG00000043089","Mmp1a","matrix metallopeptidase 1a (interstitial collagenase)"
"26","chr7",112053649,112054144,496,"*","Merged-chr7-112053858-52","Intron (uc009jge.1/74996, intron 2 of 3)",7,112023506,112111386,87881,1,"74996","uc009jgh.2",30143,"ENSMUSG00000059263","Usp47","ubiquitin specific peptidase 47"
"27","chr3",83993233,83993725,493,"*","Merged-chr3-83993440-19","Intron (uc008ppp.1/229473, intron 3 of 34)",3,83898287,83960797,62511,2,"229473","uc008ppo.1",-32436,"ENSMUSG00000033767","Tmem131l","transmembrane 131 like"
"28","chr6",100479359,100480100,742,"*","Merged-chr6-100479761-33","Distal Intergenic",6,100527400,100533426,6027,1,"73395","uc009dbx.1",-47300,"ENSMUSG00000101553","1700049E22Rik","RIKEN cDNA 1700049E22 gene"
"29","chr16",44293978,44294365,388,"*","Merged-chr16-44294172-8","Intron (uc007zhd.1/320007, intron 3 of 24)",16,44240180,44332838,92659,2,"320007","uc007zhd.1",38473,"ENSMUSG00000022696","Sidt1","SID1 transmembrane family, member 1"
"30","chr1",128770720,128771143,424,"*","Merged-chr1-128770934-28","Distal Intergenic",1,128588199,128592299,4101,2,"12767","uc007clt.1",-178421,"ENSMUSG00000045382","Cxcr4","chemokine (C-X-C motif) receptor 4"
"31","chr1",13752443,13752903,461,"*","Merged-chr1-13752649-29","Distal Intergenic",1,13785685,13786929,1245,2,"433273","uc011wil.1",34026,"ENSMUSG00000097711","Gm5523","glyceraldehyde-3-phosphate dehydrogenase pseudogene"
"32","chr1",135817627,135818166,540,"*","Merged-chr1-135817909-9","Promoter (<=1kb)",1,135818598,135833341,14744,1,"16763","uc007ctt.1",-432,"ENSMUSG00000041782","Lad1","ladinin"
"33","chr13",16641843,16642723,881,"*","Merged-chr13-16642164-24","Distal Intergenic",13,15944764,16023423,78660,2,"100503142","uc007pnv.1",-618420,NA,"B230303A05Rik","U1 small nuclear ribonucleoprotein 1C pseudogene"
"34","chr9",117400136,117400712,577,"*","Merged-chr9-117400417-34","Intron (uc009rza.4/207181, intron 1 of 14)",9,116848247,117252483,404237,2,"207181","uc009rzc.2",-147653,"ENSMUSG00000039607","Rbms3","RNA binding motif, single stranded interacting protein"
"35","chr7",80628721,80629310,590,"*","Merged-chr7-80629014-41","Intron (uc009iaz.1/70461, intron 3 of 14)",7,80636017,80644384,8368,1,"100504375","uc009iba.2",-6707,"ENSMUSG00000084821","Gm15880","predicted gene 15880"
"36","chr2",45946102,45946812,711,"*","Merged-chr2-45946471-14","Distal Intergenic",2,45696605,45698447,1843,1,"69405","uc008jpm.1",249497,"ENSMUSG00000086202","1700019E08Rik","RIKEN cDNA 1700019E08 gene"
"37","chr16",23174905,23175395,491,"*","Merged-chr16-23175130-44","Promoter (<=1kb)",16,23175280,23204376,29097,1,"105246089","uc007ytl.1",0,NA,"C730014E05Rik","RIKEN cDNA C730014E05 gene"
"38","chr9",20609588,20610142,555,"*","Merged-chr9-20609876-14","Promoter (2-3kb)",9,20607475,20617271,9797,1,"66662","uc009oiy.2",2113,"ENSMUSG00000062470","Fbxl12os","F-box and leucine-rich repeat protein 12, opposite strand"
"39","chr7",116715143,116715946,804,"*","Merged-chr7-116715582-45","Distal Intergenic",7,116504369,116540588,36220,1,"53322","uc009jjk.3",210774,"ENSMUSG00000030659","Nucb2","nucleobindin 2"
"40","chr8",91325933,91326358,426,"*","Merged-chr8-91326168-13","Intron (uc009msq.2/26383, intron 1 of 3)",8,91313525,91668433,354909,1,"26383","uc009mst.2",12408,"ENSMUSG00000055932","Fto","fat mass and obesity associated"
"41","chr14",10300900,10301891,992,"*","Merged-chr14-10301500-37","Intron (uc007sfj.2/14198, intron 2 of 6)",14,9550094,10453458,903365,2,"14198","uc007sfj.2",151567,"ENSMUSG00000060579","Fhit","fragile histidine triad gene"
"42","chr2",158555845,158556043,199,"*","Merged-chr2-158555943-1","Distal Intergenic",2,158512796,158550628,37833,1,"545481","uc012cih.1",43049,"ENSMUSG00000074625","Arhgap40","Rho GTPase activating protein 40"
"43","chr7",63944000,63944293,294,"*","Merged-chr7-63944147-8","Distal Intergenic",7,63886351,63938915,52565,2,"50794","uc009hfn.2",-5085,"ENSMUSG00000052040","Klf13","Kruppel-like factor 13"
"44","chr1",6453882,6454516,635,"*","Merged-chr1-6454252-50","Distal Intergenic",1,6487231,6860940,373710,1,"240690","uc007afw.1",-32715,"ENSMUSG00000033740","St18","suppression of tumorigenicity 18"
"45","chr2",56028458,56028886,429,"*","Merged-chr2-56028640-17","Distal Intergenic",2,55435970,55598145,162176,1,"16519","uc008jrv.2",592488,"ENSMUSG00000026824","Kcnj3","potassium inwardly-rectifying channel, subfamily J, member 3"
"46","chr16",8512838,8513036,199,"*","Merged-chr16-8512936-1","Promoter (<=1kb)",16,8513429,8580942,67514,1,"268860","uc007ycm.2",-393,"ENSMUSG00000057880","Abat","4-aminobutyrate aminotransferase"
"47","chr3",81489074,81489980,907,"*","Merged-chr3-81489616-14","Distal Intergenic",3,81802025,81805161,3137,1,"320566","uc008pol.1",-312045,"ENSMUSG00000103695","A830029E22Rik","RIKEN cDNA A830029E22 gene"
"48","chr15",59399017,59399492,476,"*","Merged-chr15-59399326-17","Intron (uc007vxu.2/68501, intron 2 of 4)",15,59374198,59601684,227487,1,"68501","uc007vxv.2",24819,"ENSMUSG00000059586","Nsmce2","NSE2/MMS21 homolog, SMC5-SMC6 complex SUMO ligase"
"49","chr9",75537010,75537294,285,"*","Merged-chr9-75537156-9","Intron (uc009qsi.1/50875, intron 1 of 9)",9,75497784,75559657,61874,2,"50875","uc009qsi.1",22363,"ENSMUSG00000058587","Tmod3","tropomodulin 3"
"50","chr1",179025105,179025881,777,"*","Merged-chr1-179025362-29","Intron (uc007dvj.2/69726, intron 10 of 11)",1,178955031,179518003,562973,2,"69726","uc007dvj.2",492122,"ENSMUSG00000055067","Smyd3","SET and MYND domain containing 3"
"51","chr1",138614542,138615047,506,"*","Merged-chr1-138614789-18","Promoter (4-5kb)",1,138483837,138619757,135921,2,"59125","uc007cvn.2",4710,"ENSMUSG00000026393","Nek7","NIMA (never in mitosis gene a)-related expressed kinase 7"
"52","chr7",35127580,35128174,595,"*","Merged-chr7-35127925-16","Distal Intergenic",7,35119293,35121928,2636,1,"12606","uc009gjl.3",8287,"ENSMUSG00000034957","Cebpa","CCAAT/enhancer binding protein (C/EBP), alpha"
"53","chr5",74105315,74105788,474,"*","Merged-chr5-74105575-19","Distal Intergenic",5,74093530,74093650,121,1,"100313943","uc012dxg.1",11785,"ENSMUSG00000093355","Snora26","small nucleolar RNA, H/ACA box 26"
"54","chr2",59474170,59474704,535,"*","Merged-chr2-59474458-28","Distal Intergenic",2,59484653,59505020,20368,1,"76747","uc008jti.3",-9949,"ENSMUSG00000026989","Dapl1","death associated protein-like 1"
"55","chr9",115390897,115391543,647,"*","Merged-chr9-115391205-18","Distal Intergenic",9,115381819,115381939,121,1,"100316675","uc057aqj.1",9078,"ENSMUSG00000080409","Mir467h","microRNA 467h"
"56","chr6",67668121,67668523,403,"*","Merged-chr6-67668321-12","Intron (uc057lql.1/uc057lql.1, intron 4 of 102)",6,67565234,67565699,466,2,"75070","uc009cfs.1",-102422,NA,"4930515G16Rik","myc induced nuclear antigen pseudogene"
"57","chr1",89645193,89645391,199,"*","Merged-chr1-89645291-1","Intron (uc007byw.1/347722, intron 6 of 17)",1,89627753,89895282,267530,1,"347722","uc007byy.1",17440,"ENSMUSG00000055013","Agap1","ArfGAP with GTPase domain, ankyrin repeat and PH domain 1"
"58","chr12",53032795,53033198,404,"*","Merged-chr12-53032976-31","Intron (uc007nnm.1/238161, intron 9 of 13)",12,52854721,52888063,33343,1,"238161","uc007nnn.1",178074,"ENSMUSG00000061603","Akap6","A kinase (PRKA) anchor protein 6"
"59","chr4",34429030,34429299,270,"*","Merged-chr4-34429163-2","Distal Intergenic",4,34550615,34566908,16294,1,"433693","uc008sga.1",-121316,"ENSMUSG00000028291","Akirin2","akirin 2"
"60","chr18",61206868,61207417,550,"*","Merged-chr18-61207122-39","Promoter (4-5kb)",18,61196854,61211596,14743,2,"13521","uc008fbu.1",4179,"ENSMUSG00000034320","Slc26a2","solute carrier family 26 (sulfate transporter), member 2"
"61","chr8",68335831,68336825,995,"*","Merged-chr8-68336497-48","Intron (uc009lwe.2/72281, intron 7 of 8)",8,68368459,68372293,3835,1,"73609","uc009lwh.1",-31634,"ENSMUSG00000085197","1700125H03Rik","RIKEN cDNA 1700125H03 gene"
"62","chr1",189346414,189346677,264,"*","Merged-chr1-189346549-3","Promoter (2-3kb)",1,189207930,189344192,136263,2,"16526","uc007eam.2",-2222,"ENSMUSG00000037624","Kcnk2","potassium channel, subfamily K, member 2"
"63","chr2",172913957,172914558,602,"*","Merged-chr2-172914225-30","Intron (uc008odb.3/12162, intron 2 of 6)",2,172868012,172940321,72310,2,"12162","uc008odb.3",25763,"ENSMUSG00000008999","Bmp7","bone morphogenetic protein 7"
"64","chr9",11559463,11559935,473,"*","Merged-chr9-11559688-28","Distal Intergenic",9,9660891,10904775,1243885,2,"244682","uc012goa.1",-654688,"ENSMUSG00000039488","Cntn5","contactin 5"
"65","chr4",35006275,35006865,591,"*","Merged-chr4-35006607-36","Intron (uc008sgs.2/214944, intron 2 of 3)",4,34909789,34911481,1693,2,"73696","uc008sgr.2",-94794,"ENSMUSG00000085824","Platr9","pluripotency associated transcript 9"
"66","chr11",17192264,17192640,377,"*","Merged-chr11-17192459-30","Promoter (<=1kb)",11,17192844,17195093,2250,1,"19058","uc007icb.1",-204,"ENSMUSG00000033953","Ppp3r1","protein phosphatase 3, regulatory subunit B, alpha isoform (calcineurin B, type I)"
"67","chr10",108446114,108446653,540,"*","Merged-chr10-108446364-45","Distal Intergenic",10,108332688,108414391,81704,1,"114774","uc011xnd.1",113426,"ENSMUSG00000035873","Pawr","PRKC, apoptosis, WT1, regulator"
"68","chr4",148487296,148487825,530,"*","Merged-chr4-148487604-13","Intron (uc008vur.2/56717, intron 25 of 57)",4,148495280,148500462,5183,2,"654812","uc008vus.1",12637,"ENSMUSG00000028989","Angptl7","angiopoietin-like 7"
"69","chr8",56397701,56398080,380,"*","Merged-chr8-56397893-13","Distal Intergenic",8,56465622,56484968,19347,2,"75123","uc057alj.1",86888,"ENSMUSG00000110310","4930518J21Rik","RIKEN cDNA 4930518J21 gene"
"70","chr2",112556277,112557060,784,"*","Merged-chr2-112556688-44","Promoter (2-3kb)",2,112559682,112631253,71572,1,"74268","uc012cay.1",-2622,"ENSMUSG00000003604","Aven","apoptosis, caspase activation inhibitor"
"71","chr5",113872856,113873598,743,"*","Merged-chr5-113873174-24","Intron (uc008yyu.1/23790, intron 2 of 10)",5,113842439,113908706,66268,2,"23790","uc008yyu.1",35108,"ENSMUSG00000004530","Coro1c","coronin, actin binding protein 1C"
"72","chr7",112055609,112056231,623,"*","Merged-chr7-112055911-9","Intron (uc009jge.1/74996, intron 3 of 3)",7,112023506,112111386,87881,1,"74996","uc009jgh.2",32103,"ENSMUSG00000059263","Usp47","ubiquitin specific peptidase 47"
"73","chr3",95739236,95739654,419,"*","Merged-chr3-95739473-23","Promoter (<=1kb)",3,95734148,95739569,5422,2,"13601","uc008qko.2",0,"ENSMUSG00000028108","Ecm1","extracellular matrix protein 1"
"74","chr16",8708699,8709168,470,"*","Merged-chr16-8708953-12","Exon (uc007ycw.1/252870, exon 5 of 31)",16,8696180,8698850,2671,2,"252870","uc007ycy.1",-9849,"ENSMUSG00000022710","Usp7","ubiquitin specific peptidase 7"
"75","chr19",42019103,42019587,485,"*","Merged-chr19-42019336-23","Intron (uc008hmz.1/226122, intron 1 of 2)",19,42036038,42045110,9073,1,"56642","uc008hna.1",-16451,"ENSMUSG00000025172","Ankrd2","ankyrin repeat domain 2 (stretch responsive muscle)"
"76","chr18",6484648,6485067,420,"*","Merged-chr18-6484878-33","Intron (uc008dzi.2/13831, intron 1 of 13)",18,6490564,6490646,83,2,"100316773","uc012azb.1",5579,"ENSMUSG00000084514","Mir1893","microRNA 1893"
"77","chr16",3988329,3988893,565,"*","Merged-chr16-3988637-25","Promoter (<=1kb)",16,3979105,3989119,10015,2,"52864","uc012aap.3",226,"ENSMUSG00000039738","Slx4","SLX4 structure-specific endonuclease subunit homolog (S. cerevisiae)"
"78","chr3",154683562,154683985,424,"*","Merged-chr3-154683777-15","Distal Intergenic",3,154711133,154749012,37880,1,"209601","uc008rur.1",-27148,"ENSMUSG00000078161","Erich3","glutamate rich 3"
"79","chr1",106561963,106562432,470,"*","Merged-chr1-106562243-20","Intron (uc007cgx.1/uc007cgx.1, intron 2 of 4)",1,106546496,106546631,136,2,"102466254","uc056ydp.1",-15332,"ENSMUSG00000098344","Mir3473f","microRNA 3473f"
"80","chr8",125667212,125667613,402,"*","Merged-chr8-125667402-39","Promoter (2-3kb)",8,125669818,125673365,3548,1,"74393","uc009nyi.2",-2205,"ENSMUSG00000050930","Map10","microtubule-associated protein 10"
"81","chr17",8228592,8228909,318,"*","Merged-chr17-8228766-12","Distal Intergenic",17,8236043,8257141,21099,1,"12458","uc008ajd.3",-7134,"ENSMUSG00000040899","Ccr6","chemokine (C-C motif) receptor 6"
"82","chr7",37977682,37978130,449,"*","Merged-chr7-37977957-29","Intron (uc009gkp.2/19777, intron 4 of 10)",7,37959992,37969697,9706,2,"19777","uc012fiq.1",-7985,"ENSMUSG00000030421","Uri1","URI1, prefoldin-like chaperone"
"83","chr3",84394811,84395635,825,"*","Merged-chr3-84395228-27","Distal Intergenic",3,84349376,84379921,30546,2,"75309","uc029umw.1",-14890,"ENSMUSG00000104004","4930565D16Rik","RIKEN cDNA 4930565D16 gene"
"84","chr12",59169853,59170284,432,"*","Merged-chr12-59170039-43","Exon (uc007nqf.2/338320, exon 16 of 25)",12,59149464,59190220,40757,1,"338320","uc011ymd.1",20389,"ENSMUSG00000021000","Mia2","melanoma inhibitory activity 2"
"85","chr4",149721099,149721451,353,"*","Merged-chr4-149721282-12","Intron (uc008vwz.2/230917, intron 7 of 10)",4,149724863,149730687,5825,2,"230917","uc008vxb.2",9236,"ENSMUSG00000044700","Tmem201","transmembrane protein 201"
"86","chr4",122939090,122939566,477,"*","Merged-chr4-122939330-24","Distal Intergenic",4,122946850,122961188,14339,2,"76574","uc008uoo.3",21622,"ENSMUSG00000028655","Mfsd2a","major facilitator superfamily domain containing 2A"
"87","chr4",7986691,7986894,204,"*","Merged-chr4-7986791-3","Distal Intergenic",4,8141493,8239041,97549,2,"12319","uc008rxv.1",252147,"ENSMUSG00000041261","Car8","carbonic anhydrase 8"
"88","chr1",189830570,189831452,883,"*","Merged-chr1-189831018-42","Intron (uc007eas.1/19250, intron 5 of 9)",1,189845043,189852463,7421,1,"19250","uc007eaw.1",-13591,"ENSMUSG00000026604","Ptpn14","protein tyrosine phosphatase, non-receptor type 14"
"89","chr2",53668313,53669106,794,"*","Merged-chr2-53668715-25","Distal Intergenic",2,54084093,54085552,1460,2,"67874","uc008jrp.1",416446,"ENSMUSG00000075334","Rprm","reprimo, TP53 dependent G2 arrest mediator candidate"
"90","chr11",121100755,121101193,439,"*","Merged-chr11-121100966-23","Distal Intergenic",11,121116215,121118677,2463,2,"70956","uc007mvh.2",17484,"ENSMUSG00000039337","Tex19.2","testis expressed gene 19.2"
"91","chr5",32950625,32951108,484,"*","Merged-chr5-32950856-18","Intron (uc008xac.2/277854, intron 31 of 32)",5,33018816,33027966,9151,1,"22629","uc008xag.2",-67708,"ENSMUSG00000018965","Ywhah","tyrosine 3-monooxygenase/tryptophan 5-monooxygenase activation protein, eta polypeptide"
"92","chr1",133012276,133012717,442,"*","Merged-chr1-133012523-20","5' UTR",1,132986105,133025416,39312,2,"17248","uc007cpk.2",12699,"ENSMUSG00000054387","Mdm4","transformed mouse 3T3 cell double minute 4"
"93","chr6",129304122,129304593,472,"*","Merged-chr6-129304354-36","Distal Intergenic",6,129322165,129331781,9617,2,"381816","uc009efk.1",27188,"ENSMUSG00000047720","4922502D21Rik","RIKEN cDNA 4922502D21 gene"
"94","chr10",8955546,8956328,783,"*","Merged-chr10-8956015-25","Distal Intergenic",10,8813722,8886070,72349,2,"70097","uc007eiv.1",-69476,"ENSMUSG00000015305","Sash1","SAM and SH3 domain containing 1"
"95","chr3",138757143,138757813,671,"*","Merged-chr3-138757496-38","Intron (uc008rnp.2/56224, intron 1 of 7)",3,138742208,138904433,162226,1,"56224","uc008rnq.2",14935,"ENSMUSG00000028152","Tspan5","tetraspanin 5"
"96","chr1",128782207,128782691,485,"*","Merged-chr1-128782434-21","Distal Intergenic",1,128588199,128592299,4101,2,"12767","uc007clt.1",-189908,"ENSMUSG00000045382","Cxcr4","chemokine (C-X-C motif) receptor 4"
"97","chr5",74476447,74477045,599,"*","Merged-chr5-74476772-23","Intron (uc008xtk.3/212986, intron 3 of 8)",5,74204816,74531742,326927,2,"212986","uc008xtk.3",54697,"ENSMUSG00000062110","Scfd2","Sec1 family domain containing 2"
"98","chr1",132038729,132039221,493,"*","Merged-chr1-132038967-32","Promoter (2-3kb)",1,132036783,132041928,5146,2,"213006","uc011wrt.1",2707,"ENSMUSG00000059149","Mfsd4a","major facilitator superfamily domain containing 4A"
"99","chr3",115689405,115689949,545,"*","Merged-chr3-115689717-44","Distal Intergenic",3,115710433,115715055,4623,2,"13609","uc008rbo.2",25106,"ENSMUSG00000045092","S1pr1","sphingosine-1-phosphate receptor 1"
"100","chr5",111057236,111057561,326,"*","Merged-chr5-111057385-10","Intron (uc033ild.2/209683, intron 2 of 22)",5,111004144,111004252,109,1,"735278","uc012ebd.1",53092,"ENSMUSG00000076163","Mir701","microRNA 701"
"101","chr2",132279349,132279758,410,"*","Merged-chr2-132279565-16","Intron (uc008mmn.3/110911, intron 1 of 3)",2,132285939,132312050,26112,1,"110911","uc029ueu.2",-6181,"ENSMUSG00000058793","Cds2","CDP-diacylglycerol synthase (phosphatidate cytidylyltransferase) 2"
"102","chr14",122908077,122908589,513,"*","Merged-chr14-122908322-32","Promoter (4-5kb)",14,122913030,122929442,16413,1,"105245866","uc007vbh.1",-4441,"ENSMUSG00000075463","4930594M22Rik","RIKEN cDNA 4930594M22 gene"
"103","chr10",130341866,130342278,413,"*","Merged-chr10-130342103-20","Intron (uc007hrj.3/67596, intron 1 of 8)",10,130355441,130362642,7202,1,"67596","uc007hrm.3",-13163,"ENSMUSG00000034833","Tespa1","thymocyte expressed, positive selection associated 1"
"104","chr1",54421691,54422281,591,"*","Merged-chr1-54421982-33","Intron (uc007azp.2/98488, intron 8 of 17)",1,54395877,54439026,43150,2,"98488","uc007azp.2",16745,"ENSMUSG00000041303","Gtf3c3","general transcription factor IIIC, polypeptide 3"
"105","chr4",107989044,107989368,325,"*","Merged-chr4-107989218-22","Intron (uc008uao.2/242607, intron 2 of 10)",4,108010017,108013532,3516,1,"242607","uc008uap.2",-20649,"ENSMUSG00000008932","Slc1a7","solute carrier family 1 (glutamate transporter), member 7"
"106","chr10",30627607,30628060,454,"*","Merged-chr10-30627801-15","Downstream (<1kb)",10,30608207,30618366,10160,2,"66847","uc007etg.1",-9241,"ENSMUSG00000019791","Hint3","histidine triad nucleotide binding protein 3"
"107","chr16",76447022,76447792,771,"*","Merged-chr16-76447349-16","Distal Intergenic",16,76290862,76373827,82966,2,"268903","uc007zry.1",-73195,"ENSMUSG00000048490","Nrip1","nuclear receptor interacting protein 1"
"108","chr1",39280937,39281437,501,"*","Merged-chr1-39281232-20","Intron (uc007atd.2/18143, intron 2 of 20)",1,39367851,39371366,3516,1,"114641","uc007ate.2",-86414,"ENSMUSG00000073702","Rpl31","ribosomal protein L31"
"109","chr14",11161865,11162394,530,"*","Merged-chr14-11162101-49","Promoter (<=1kb)",14,9550094,11162035,1611942,2,"14198","uc007sfk.2",0,"ENSMUSG00000060579","Fhit","fragile histidine triad gene"
"110","chr5",148377411,148378016,606,"*","Merged-chr5-148377759-34","Intron (uc009aot.2/11987, intron 1 of 12)",5,148327410,148392815,65406,2,"11987","uc009aot.2",14799,"ENSMUSG00000041313","Slc7a1","solute carrier family 7 (cationic amino acid transporter, y+ system), member 1"
"111","chr10",60027793,60028692,900,"*","Merged-chr10-60028260-54","Intron (uc007feg.2/69090, intron 5 of 5)",10,60007727,60013774,6048,1,"69090","uc007fej.2",20066,"ENSMUSG00000044475","Ascc1","activating signal cointegrator 1 complex subunit 1"
"112","chr2",52176409,52176850,442,"*","Merged-chr2-52176630-15","Promoter (<=1kb)",2,52136647,52176696,40050,2,"17996","uc029txi.2",0,"ENSMUSG00000026950","Neb","nebulin"
"113","chr5",21192453,21192860,408,"*","Merged-chr5-21192683-24","Intron (uc008woi.1/212167, intron 1 of 18)",5,21186267,21291701,105435,1,"212167","uc008woj.1",6186,"ENSMUSG00000039934","Gsap","gamma-secretase activating protein"
"114","chr6",61225433,61225799,367,"*","Merged-chr6-61225621-10","Intron (uc009cdu.2/232035, intron 1 of 1)",6,61175604,61180810,5207,2,"100504262","uc009cdt.1",-44623,NA,"A730020E08Rik","RIKEN cDNA A730020E08 gene"
"115","chr10",77939094,77939701,608,"*","Merged-chr10-77939444-16","Promoter (<=1kb)",10,77916058,77938142,22085,2,"28240","uc007fwm.1",-952,"ENSMUSG00000009292","Trpm2","transient receptor potential cation channel, subfamily M, member 2"
"116","chr5",5055185,5056749,1565,"*","Merged-chr5-5055922-51","Intron (uc008wih.3/18647, intron 7 of 13)",5,4803384,5266068,462685,2,"18647","uc008wih.3",209319,"ENSMUSG00000028926","Cdk14","cyclin-dependent kinase 14"
"117","chr16",94185426,94185866,441,"*","Merged-chr16-94185634-42","Intron (uc008aag.1/110948, intron 5 of 9)",16,94122603,94123973,1371,1,"20465","uc008aaf.1",62823,"ENSMUSG00000062713","Sim2","single-minded family bHLH transcription factor 2"
"118","chr6",115559463,115559661,199,"*","Merged-chr6-115559561-1","Exon (uc009diu.1/381802, exon 5 of 12)",6,115544704,115578336,33633,1,"381802","uc009diu.1",14759,"ENSMUSG00000042389","Tsen2","tRNA splicing endonuclease subunit 2"
"119","chr8",22228534,22228985,452,"*","Merged-chr8-22228766-14","Promoter (1-2kb)",8,22227303,22261334,34032,1,"56229","uc012gbc.3",1231,"ENSMUSG00000031480","Thsd1","thrombospondin, type I, domain 1"
"120","chr4",144998152,144999074,923,"*","Merged-chr4-144998591-35","Intron (uc012dow.2/230895, intron 21 of 23)",4,144980298,145046405,66108,2,"230895","uc008vrr.1",47331,"ENSMUSG00000020220","Vps13d","vacuolar protein sorting 13D"
"121","chr2",62293830,62294191,362,"*","Merged-chr2-62294008-18","Intron (uc008jve.3/94229, intron 18 of 25)",2,62317455,62326743,9289,1,"94229","uc033hnc.1",-23264,"ENSMUSG00000026904","Slc4a10","solute carrier family 4, sodium bicarbonate cotransporter-like, member 10"
"122","chr1",164071946,164072562,617,"*","Merged-chr1-164072258-30","Exon (uc007dhy.2/20343, exon 7 of 9)",1,164063053,164080785,17733,1,"20343","uc011wuw.1",8893,"ENSMUSG00000026581","Sell","selectin, lymphocyte"
"123","chr2",30471881,30472411,531,"*","Merged-chr2-30472114-26","Promoter (1-2kb)",2,30472631,30474199,1569,2,"72500","uc008jco.2",1788,"ENSMUSG00000089762","Ier5l","immediate early response 5-like"
"124","chr18",80041643,80042162,520,"*","Merged-chr18-80041946-55","Promoter (4-5kb)",18,80046895,80119640,72746,1,"93737","uc008fsj.2",-4733,"ENSMUSG00000056214","Pard6g","par-6 family cell polarity regulator gamma"
"125","chr15",79067829,79068365,537,"*","Merged-chr15-79068069-15","Promoter (4-5kb)",15,79059621,79062859,3239,2,"223690","uc007wsj.1",-4970,"ENSMUSG00000033055","Ankrd54","ankyrin repeat domain 54"
"126","chr15",93750893,93751279,387,"*","Merged-chr15-93751087-35","Distal Intergenic",15,93499114,93595891,96778,2,"106042","uc007xjb.1",-155002,"ENSMUSG00000036158","Prickle1","prickle planar cell polarity protein 1"
"127","chr15",38120296,38120675,380,"*","Merged-chr15-38120488-27","Distal Intergenic",15,37967328,38078854,111527,2,"70790","uc007vnp.2",-41442,"ENSMUSG00000037487","Ubr5","ubiquitin protein ligase E3 component n-recognin 5"
"128","chr13",32312643,32313051,409,"*","Merged-chr13-32312856-23","Intron (uc007pzq.1/218138, intron 1 of 10)",13,31819586,32338544,518959,2,"218138","uc007pzq.1",25493,"ENSMUSG00000038372","Gmds","GDP-mannose 4, 6-dehydratase"
"129","chr7",143546555,143546946,392,"*","Merged-chr7-143546758-17","Promoter (1-2kb)",7,143513579,143548828,35250,2,"17955","uc009kpk.1",1882,"ENSMUSG00000059119","Nap1l4","nucleosome assembly protein 1-like 4"
"130","chr1",91625988,91626418,431,"*","Merged-chr1-91626193-21","Distal Intergenic",1,91541080,91559590,18511,1,"65247","uc007cbc.1",84908,"ENSMUSG00000026311","Asb1","ankyrin repeat and SOCS box-containing 1"
"131","chr8",126698941,126699824,884,"*","Merged-chr8-126699390-72","Distal Intergenic",8,126588296,126593436,5141,2,"270110","uc009nyw.2",-105505,"ENSMUSG00000051495","Irf2bp2","interferon regulatory factor 2 binding protein 2"
"132","chr17",3209527,3210047,521,"*","Merged-chr17-3209784-17","Intron (uc008aek.1/106583, intron 9 of 9)",17,3178155,3258895,80741,1,"106583","uc008aek.1",31372,"ENSMUSG00000046201","Scaf8","SR-related CTD-associated factor 8"
"133","chr13",95063299,95063852,554,"*","Merged-chr13-95063599-48","Intron (uc007rmb.2/218461, intron 7 of 18)",13,95024105,95034386,10282,2,"218461","uc011zcx.1",-28913,"ENSMUSG00000021684","Pde8b","phosphodiesterase 8B"
"134","chr10",24482150,24482624,475,"*","Merged-chr10-24482390-32","Distal Intergenic",10,24595442,24598683,3242,1,"14219","uc011xbr.2",-112818,"ENSMUSG00000019997","Ctgf","connective tissue growth factor"
"135","chr8",77366896,77367478,583,"*","Merged-chr8-77367221-20","Intron (uc009mhm.1/78514, intron 13 of 22)",8,77517056,77518578,1523,1,"70345","uc012ggf.1",-149578,"ENSMUSG00000097882","0610038B21Rik","RIKEN cDNA 0610038B21 gene"
"136","chr7",120861069,120861626,558,"*","Merged-chr7-120861265-21","Intron (uc009jnb.3/13631, intron 2 of 17)",7,120851189,120907219,56031,1,"13631","uc009jnd.2",9880,"ENSMUSG00000035064","Eef2k","eukaryotic elongation factor-2 kinase"
"137","chr18",39915543,39915927,385,"*","Merged-chr18-39915688-13","Distal Intergenic",18,39773497,39776082,2586,1,"18459","uc008etc.1",142046,"ENSMUSG00000051732","Pabpc2","poly(A) binding protein, cytoplasmic 2"
"138","chr15",25227449,25228314,866,"*","Merged-chr15-25227857-36","Intron (uc007viv.1/uc007viv.1, intron 1 of 3)",15,25363277,25413764,50488,2,"70350","uc007vix.2",185450,"ENSMUSG00000045763","Basp1","brain abundant, membrane attached signal protein 1"
"139","chr1",43501148,43501499,352,"*","Merged-chr1-43501314-13","Intron (uc007avo.2/17974, intron 1 of 4)",1,43445751,43570518,124768,1,"17974","uc007avo.2",55397,"ENSMUSG00000066877","Nck2","non-catalytic region of tyrosine kinase adaptor protein 2"
"140","chr2",93416736,93417170,435,"*","Merged-chr2-93416936-19","Promoter (4-5kb)",2,93421929,93422007,79,2,"102465605","uc033hor.1",4837,"ENSMUSG00000099238","Mir7001","microRNA 7001"
"141","chr6",34901866,34902533,668,"*","Merged-chr6-34902272-26","Intron (uc009bhz.1/101240, intron 6 of 14)",6,34880426,34910831,30406,2,"101240","uc009bhz.1",8298,"ENSMUSG00000058486","Wdr91","WD repeat domain 91"
"142","chr18",15331660,15332059,400,"*","Merged-chr18-15331866-28","Distal Intergenic",18,15389394,15400172,10779,2,"11829","uc008edq.2",68113,"ENSMUSG00000024411","Aqp4","aquaporin 4"
"143","chr7",84417485,84417855,371,"*","Merged-chr7-84417695-8","Distal Intergenic",7,84246275,84410038,163764,2,"11864","uc009ieh.2",-7447,"ENSMUSG00000015709","Arnt2","aryl hydrocarbon receptor nuclear translocator 2"
"144","chr14",14042376,14042773,398,"*","Merged-chr14-14042557-42","Intron (uc007sgi.3/246103, intron 3 of 11)",14,14012491,14107302,94812,1,"246103","uc007sgi.3",29885,"ENSMUSG00000021738","Atxn7","ataxin 7"
"145","chr13",70600151,70600411,261,"*","Merged-chr13-70600282-8","Intron (uc007rcw.2/218333, intron 2 of 6)",13,70588689,70606876,18188,2,"218333","uc007rcw.2",6465,"ENSMUSG00000034525","Ice1","interactor of little elongation complex ELL subunit 1"
"146","chr8",64826322,64826811,490,"*","Merged-chr8-64826546-37","Intron (uc057alr.1/77113, intron 2 of 14)",8,64739675,64849924,110250,2,"77113","uc057alr.1",23113,"ENSMUSG00000031605","Klhl2","kelch-like 2, Mayven"
"147","chr13",36214131,36214459,329,"*","Merged-chr13-36214295-21","Intron (uc007qck.2/69955, intron 2 of 6)",13,36117643,36537595,419953,1,"69955","uc007qcl.2",96488,"ENSMUSG00000021420","Fars2","phenylalanine-tRNA synthetase 2 (mitochondrial)"
"148","chr4",97657496,97658042,547,"*","Merged-chr4-97657761-27","Intron (uc008tty.2/18027, intron 1 of 10)",4,97567875,97584591,16717,2,"319865","uc012dhf.1",-72905,NA,"E130114P18Rik","RIKEN cDNA E130114P18 gene"
"149","chr6",99485175,99485586,412,"*","Merged-chr6-99485384-21","Intron (uc012epq.1/108655, intron 1 of 19)",6,98925342,99520993,595652,2,"108655","uc012epq.1",35407,"ENSMUSG00000030067","Foxp1","forkhead box P1"
"150","chr13",38938409,38938866,458,"*","Merged-chr13-38938571-13","Intron (uc007qdy.2/108652, intron 6 of 9)",13,38932140,38960537,28398,2,"108652","uc007qdy.2",21671,"ENSMUSG00000021432","Slc35b3","solute carrier family 35, member B3"
"151","chr6",50503066,50503658,593,"*","Merged-chr6-50503365-20","Distal Intergenic",6,50346011,50456170,110160,2,"71720","uc009bxb.1",-46896,"ENSMUSG00000029822","Osbpl3","oxysterol binding protein-like 3"
"152","chr16",29865063,29865603,541,"*","Merged-chr16-29865304-40","Distal Intergenic",16,29957927,29979124,21198,2,"328657","uc007ywj.1",113521,"ENSMUSG00000075286","Gm1968","predicted gene 1968"
"153","chr15",39943007,39943285,279,"*","Merged-chr15-39943134-5","Promoter (<=1kb)",15,39870603,39943757,73155,2,"239393","uc007vom.1",472,"ENSMUSG00000022305","Lrp12","low density lipoprotein-related protein 12"
"154","chr14",48226084,48226629,546,"*","Merged-chr14-48226336-60","Intron (uc007tjh.1/93834, intron 2 of 5)",14,48198716,48228413,29698,1,"624367","uc011zjq.1",27368,"ENSMUSG00000021846","Gm6498","glyceraldehyde-3-phosphate dehydrogenase pseudogene"
"155","chr7",126339469,126340656,1188,"*","Merged-chr7-126340109-93","Distal Intergenic",7,126367971,126368045,75,2,"102466797","uc033jca.1",27389,"ENSMUSG00000099017","Mir7058","microRNA 7058"
"156","chr11",97905550,97905916,367,"*","Merged-chr11-97905718-19","Distal Intergenic",11,97854307,97884154,29848,2,"72973","uc007lfb.1",-21396,"ENSMUSG00000070336","Fbxo47","F-box protein 47"
"157","chr11",63146592,63146990,399,"*","Merged-chr11-63146790-18","Intron (uc056yli.1/18858, intron 3 of 4)",11,63132803,63159547,26745,1,"18858","uc056yln.1",13789,"ENSMUSG00000018217","Pmp22","peripheral myelin protein 22"
"158","chr7",35178257,35178568,312,"*","Merged-chr7-35178409-12","Distal Intergenic",7,35186385,35195449,9065,1,"53896","uc009gjm.2",-7817,"ENSMUSG00000030495","Slc7a10","solute carrier family 7 (cationic amino acid transporter, y+ system), member 10"
"159","chr4",98243433,98244497,1065,"*","Merged-chr4-98243867-45","Distal Intergenic",4,98355370,98380691,25322,2,"94043","uc012dhg.2",136194,"ENSMUSG00000028563","Tm2d1","TM2 domain containing 1"
"160","chr9",116283657,116284424,768,"*","Merged-chr9-116283998-37","Distal Intergenic",9,116189180,116194886,5707,1,"100043817","uc009ryu.1",94477,NA,"Gm4668","predicted gene 4668"
"161","chr16",57421833,57422348,516,"*","Merged-chr16-57422160-30","Intron (uc012agu.1/78749, intron 1 of 4)",16,57353277,57572804,219528,1,"78749","uc012agu.1",68556,"ENSMUSG00000043336","Filip1l","filamin A interacting protein 1-like"
"162","chr11",115588964,115589391,428,"*","Merged-chr11-115589146-15","Promoter (1-2kb)",11,115589055,115590543,1489,2,"260302","uc007mhz.1",1152,"ENSMUSG00000020740","Gga3","golgi associated, gamma adaptin ear containing, ARF binding protein 3"
"163","chr7",115501474,115502243,770,"*","Merged-chr7-115501823-28","Intron (uc009jin.2/20679, intron 11 of 13)",7,115470872,115801609,330738,2,"20679","uc009jin.2",299366,"ENSMUSG00000051910","Sox6","SRY (sex determining region Y)-box 6"
"164","chr10",78594499,78594962,464,"*","Merged-chr10-78594668-32","Promoter (2-3kb)",10,78584503,78591964,7462,2,"71709","uc007fyb.2",-2535,"ENSMUSG00000032714","Syde1","synapse defective 1, Rho GTPase, homolog 1 (C. elegans)"
"165","chr7",77132872,77133577,706,"*","Merged-chr7-77133181-52","Distal Intergenic",7,76411062,76766605,355544,1,"244071","uc009hxc.1",721810,"ENSMUSG00000025754","Agbl1","ATP/GTP binding protein-like 1"
"166","chr17",12275594,12276234,641,"*","Merged-chr17-12275973-18","3' UTR",17,12227621,12318660,91040,2,"26407","uc008akn.1",42426,"ENSMUSG00000014426","Map3k4","mitogen-activated protein kinase kinase kinase 4"
"167","chr11",31999840,32000510,671,"*","Merged-chr11-32000120-91","Promoter (<=1kb)",11,32000419,32033414,32996,1,"18197","uc007iiv.2",0,"ENSMUSG00000020297","Nsg2","neuron specific gene family member 2"
"168","chr14",7831924,7832475,552,"*","Merged-chr14-7832137-26","Intron (uc007sej.1/286940, intron 1 of 5)",14,7817957,7951588,133632,1,"286940","uc007sel.3",13967,"ENSMUSG00000025278","Flnb","filamin, beta"
"169","chr7",78577183,78579221,2039,"*","Merged-chr7-78578195-76","Promoter (<=1kb)",7,78192114,78577838,385725,2,"18213","uc009hxf.2",0,"ENSMUSG00000059146","Ntrk3","neurotrophic tyrosine kinase, receptor, type 3"
"170","chr1",54279559,54280045,487,"*","Merged-chr1-54279813-25","Intron (uc007azo.1/78016, intron 7 of 27)",1,54250683,54368727,118045,1,"78016","uc011wkx.1",28876,"ENSMUSG00000025983","Ccdc150","coiled-coil domain containing 150"
"171","chr14",32516214,32516520,307,"*","Merged-chr14-32516369-26","Promoter (2-3kb)",14,32513521,32580989,67469,1,"319955","uc007sze.1",2693,"ENSMUSG00000054051","Ercc6","excision repair cross-complementing rodent repair deficiency, complementation group 6"
"172","chr12",82189182,82190036,855,"*","Merged-chr12-82189683-54","Intron (uc007ocu.3/217692, intron 1 of 22)",12,82170179,82342499,172321,1,"217692","uc007ocx.1",19003,"ENSMUSG00000042700","Sipa1l1","signal-induced proliferation-associated 1 like 1"
"173","chr14",66268968,66269359,392,"*","Merged-chr14-66269142-9","Intron (uc007ujy.2/19229, intron 1 of 29)",14,66153257,66281052,127796,2,"19229","uc007ujy.2",11693,"ENSMUSG00000059456","Ptk2b","PTK2 protein tyrosine kinase 2 beta"
"174","chr1",36148762,36149640,879,"*","Merged-chr1-36149290-56","Promoter (4-5kb)",1,36144252,36144313,62,2,"102465540","uc033fin.1",-4449,"ENSMUSG00000098752","Mir6897","microRNA 6897"
"175","chr4",63940948,63941724,777,"*","Merged-chr4-63941372-31","Distal Intergenic",4,63959785,64020725,60941,2,"21923","uc008thf.1",79001,"ENSMUSG00000028364","Tnc","tenascin C"
"176","chr12",33076119,33076714,596,"*","Merged-chr12-33076409-32","Intron (uc007nij.1/68764, intron 4 of 19)",12,33059686,33061796,2111,2,"68764","uc007nik.1",-14323,"ENSMUSG00000035860","Cdhr3","cadherin-related family member 3"
"177","chr13",65069990,65070451,462,"*","Merged-chr13-65070187-24","Intron (uc007qzc.1/66631, intron 10 of 12)",13,65033058,65038004,4947,1,"238683","uc007qzb.1",36932,"ENSMUSG00000074849","Spata31d1c","spermatogenesis associated 31 subfamily D, member 1C"
"178","chr17",64826667,64827489,823,"*","Merged-chr17-64827066-53","Distal Intergenic",17,64832702,64834614,1913,2,"78057","uc057kyj.1",7125,"ENSMUSG00000024088","4930583I09Rik","RIKEN cDNA 4930583I09 gene"
"179","chr5",124241532,124241835,304,"*","Merged-chr5-124241668-15","Intron (uc008zpc.3/19679, intron 1 of 24)",5,124118689,124249760,131072,2,"19679","uc008zpc.3",7925,"ENSMUSG00000029406","Pitpnm2","phosphatidylinositol transfer protein, membrane-associated 2"
"180","chr18",39473368,39473788,421,"*","Merged-chr18-39473569-19","Intron (uc008esx.1/14815, intron 1 of 7)",18,39410545,39487245,76701,2,"14815","uc008esx.1",13457,"ENSMUSG00000024431","Nr3c1","nuclear receptor subfamily 3, group C, member 1"
"181","chr2",103651974,103652918,945,"*","Merged-chr2-103652335-51","Intron (uc008lix.1/99382, intron 1 of 16)",2,103566310,103718423,152114,1,"99382","uc008lix.1",85664,"ENSMUSG00000032724","Abtb2","ankyrin repeat and BTB (POZ) domain containing 2"
"182","chr13",100866257,100866815,559,"*","Merged-chr13-100866518-52","Distal Intergenic",13,100802648,100833427,30780,2,"69048","uc011zec.1",-32830,"ENSMUSG00000021629","Slc30a5","solute carrier family 30 (zinc transporter), member 5"
"183","chr14",20938588,20939098,511,"*","Merged-chr14-20938813-17","Intron (uc007sky.1/22330, intron 1 of 7)",14,20929433,21033673,104241,1,"22330","uc007skz.1",9155,"ENSMUSG00000021823","Vcl","vinculin"
"184","chr1",105342221,105343419,1199,"*","Merged-chr1-105342707-47","Intron (uc011wpy.1/320311, intron 2 of 2)",1,105356007,105361630,5624,1,"100504568","uc007cge.1",-12588,"ENSMUSG00000097482","Gm17634","predicted gene, 17634"
"185","chr19",44280804,44281186,383,"*","Merged-chr19-44281022-35","Distal Intergenic",19,44293676,44306864,13189,1,"20250","uc008hpp.3",-12490,"ENSMUSG00000025203","Scd2","stearoyl-Coenzyme A desaturase 2"
"186","chr2",65818121,65818871,751,"*","Merged-chr2-65818542-58","Distal Intergenic",2,65845767,65878818,33052,1,"77771","uc012bwe.1",-26896,"ENSMUSG00000044647","Csrnp3","cysteine-serine-rich nuclear protein 3"
"187","chr5",144277053,144277604,552,"*","Merged-chr5-144277272-14","Promoter (<=1kb)",5,144277061,144280514,3454,1,"100504231","uc012ego.2",0,"ENSMUSG00000086894","Gm15708","predicted gene 15708"
"188","chr5",20496868,20497218,351,"*","Merged-chr5-20497047-10","Intron (uc012dsm.1/50791, intron 10 of 22)",5,20228221,20651678,423458,1,"50791","uc008wnx.1",268647,"ENSMUSG00000040003","Magi2","membrane associated guanylate kinase, WW and PDZ domain containing 2"
"189","chr19",32926091,32926579,489,"*","Merged-chr19-32926300-25","Distal Intergenic",19,32757577,32826160,68584,1,"19211","uc008hfr.1",168514,"ENSMUSG00000013663","Pten","phosphatase and tensin homolog"
"190","chr6",148961368,148961754,387,"*","Merged-chr6-148961537-19","Distal Intergenic",6,148921057,148946432,25376,2,"56306","uc009etr.2",-14936,"ENSMUSG00000039985","Sinhcaf","SIN3-HDAC complex associated factor"
"191","chr5",67299920,67300514,595,"*","Merged-chr5-67300252-37","Distal Intergenic",5,67306955,67356142,49188,1,"109108","uc008xpt.2",-6441,"ENSMUSG00000029221","Slc30a9","solute carrier family 30 (zinc transporter), member 9"
"192","chr8",70159813,70160341,529,"*","Merged-chr8-70160118-32","Intron (uc009lyz.2/105980076, intron 1 of 8)",8,70152761,70167488,14728,1,"17259","uc012get.2",7052,"ENSMUSG00000079033","Mef2b","myocyte enhancer factor 2B"
"193","chr3",97004042,97004773,732,"*","Merged-chr3-97004388-54","Distal Intergenic",3,97032402,97053634,21233,1,"14613","uc008qoo.2",-27629,"ENSMUSG00000057123","Gja5","gap junction protein, alpha 5"
"194","chr16",24154916,24155341,426,"*","Merged-chr16-24155121-14","Distal Intergenic",16,23965052,23988612,23561,2,"12053","uc007ytz.1",-166304,"ENSMUSG00000022508","Bcl6","B cell leukemia/lymphoma 6"
"195","chr13",100440284,100441174,891,"*","Merged-chr13-100440746-32","Intron (uc007rqr.1/17940, intron 3 of 14)",13,100407770,100446511,38742,2,"17940","uc007rqr.1",5337,"ENSMUSG00000021640","Naip1","NLR family, apoptosis inhibitory protein 1"
"196","chr16",57317785,57318418,634,"*","Merged-chr16-57318126-31","Exon (uc007zng.2/66497, exon 3 of 10)",16,57269309,57292851,23543,2,"71027","uc007znf.1",-24934,"ENSMUSG00000022753","Tmem30c","transmembrane protein 30C"
"197","chr2",163123597,163123997,401,"*","Merged-chr2-163123770-16","Intron (uc008nsn.1/uc008nsn.1, intron 1 of 1)",2,163087031,163089601,2571,2,"68236","uc008nsm.1",-33996,"ENSMUSG00000070708","Gtsf1l","gametocyte specific factor 1-like"
"198","chr9",102622345,102622756,412,"*","Merged-chr9-102622526-34","Promoter (<=1kb)",9,102590399,102621964,31566,2,"28135","uc009rfs.1",-381,"ENSMUSG00000032534","Cep63","centrosomal protein 63"
"199","chr12",75494576,75495083,508,"*","Merged-chr12-75494766-18","Intron (uc007nxe.1/26932, intron 3 of 13)",12,75411720,75416781,5062,2,"217674","uc007nxd.1",-77795,"ENSMUSG00000048982","Gphb5","glycoprotein hormone beta 5"
"200","chr11",90512557,90513025,469,"*","Merged-chr11-90512841-45","Intron (uc007kwu.3/20913, intron 16 of 17)",11,90492109,90548987,56879,2,"20913","uc007kww.1",35962,"ENSMUSG00000020546","Stxbp4","syntaxin binding protein 4"
"201","chr1",80855138,80855608,471,"*","Merged-chr1-80855392-26","Distal Intergenic",1,80645706,80758553,112848,2,"210293","uc007bri.2",-96585,"ENSMUSG00000038608","Dock10","dedicator of cytokinesis 10"
"202","chr9",94945642,94946109,468,"*","Merged-chr9-94945890-45","Intron (uc009ray.2/331004, intron 8 of 15)",9,95121686,95124551,2866,1,"331004","uc057maj.1",-175577,"ENSMUSG00000031129","Slc9a9","solute carrier family 9 (sodium/hydrogen exchanger), member 9"
"203","chr2",157118919,157119426,508,"*","Merged-chr2-157119108-55","Intron (uc008non.2/56045, intron 6 of 16)",2,157097529,157135222,37694,2,"56045","uc008non.2",15796,"ENSMUSG00000027639","Samhd1","SAM domain and HD domain, 1"
"204","chr9",114496404,114497000,597,"*","Merged-chr9-114496634-56","Promoter (<=1kb)",9,114490316,114496544,6229,2,"12773","uc009rxo.2",0,"ENSMUSG00000047898","Ccr4","chemokine (C-C motif) receptor 4"
"205","chr5",22587365,22587856,492,"*","Merged-chr5-22587622-39","Intron (uc008wps.2/320719, intron 3 of 7)",5,22550413,22807850,257438,1,"320719","uc008wpt.2",36952,"ENSMUSG00000097207","6030443J06Rik","RIKEN cDNA 6030443J06 gene"
"206","chr1",182521117,182521510,394,"*","Merged-chr1-182521297-12","Promoter (3-4kb)",1,182483900,182517483,33584,2,"12334","uc057kho.1",-3634,"ENSMUSG00000026509","Capn2","calpain 2"
"207","chr18",77686661,77687090,430,"*","Merged-chr18-77686913-10","Intron (uc008frn.1/212163, intron 1 of 4)",18,77643068,77674684,31617,2,"212163","uc008frp.1",-11977,"ENSMUSG00000047466","8030462N17Rik","RIKEN cDNA 8030462N17 gene"
"208","chr11",83828580,83829021,442,"*","Merged-chr11-83828814-21","Distal Intergenic",11,83850869,83905917,55049,1,"21410","uc007kpx.2",-21848,"ENSMUSG00000020679","Hnf1b","HNF1 homeobox B"
"209","chr1",84306537,84306972,436,"*","Merged-chr1-84306757-6","Intron (uc007bsu.1/98496, intron 2 of 4)",1,84157129,84284645,127517,2,"98496","uc007bsv.2",-21892,"ENSMUSG00000045658","Pid1","phosphotyrosine interaction domain containing 1"
"210","chr13",31567548,31568170,623,"*","Merged-chr13-31567807-41","Exon (uc007pzl.1/71307, exon 4 of 6)",13,31558170,31560976,2807,1,"15220","uc007pzj.3",9378,"ENSMUSG00000038415","Foxq1","forkhead box Q1"
"211","chr14",9089809,9090262,454,"*","Merged-chr14-9090049-14","Distal Intergenic",14,8666390,8673378,6989,1,"74859","uc007sfi.1",423419,"ENSMUSG00000097898","4930455B14Rik","RIKEN cDNA 4930455B14 gene"
"212","chrX",153696066,153696503,438,"*","Merged-chrX-153696252-17","Promoter (<=1kb)",20,153685154,153696280,11127,2,"207474","uc009uqy.1",0,"ENSMUSG00000041633","Kctd12b","potassium channel tetramerisation domain containing 12b"
"213","chr3",126834607,126835116,510,"*","Merged-chr3-126834809-55","5' UTR",3,126810631,126841573,30943,1,"108058","uc008rgs.1",23976,"ENSMUSG00000053819","Camk2d","calcium/calmodulin-dependent protein kinase II, delta"
"214","chr19",15902952,15903473,522,"*","Merged-chr19-15903256-12","Downstream (1-2kb)",19,15905123,15909712,4590,2,"107272","uc008gwn.2",6239,"ENSMUSG00000024640","Psat1","phosphoserine aminotransferase 1"
"215","chr3",27462523,27463239,717,"*","Merged-chr3-27462923-28","Intron (uc008otq.2/72007, intron 17 of 26)",3,27371351,27378010,6660,1,"208188","uc008oto.1",91172,"ENSMUSG00000051136","Ghsr","growth hormone secretagogue receptor"
"216","chr11",16838783,16839146,364,"*","Merged-chr11-16838980-8","Intron (uc007ibn.1/13649, intron 1 of 15)",11,16905185,16910896,5712,1,"13649","uc007ibp.2",-66039,"ENSMUSG00000020122","Egfr","epidermal growth factor receptor"
"217","chr16",30675967,30676309,343,"*","Merged-chr16-30676152-12","Distal Intergenic",16,30599723,30602797,3075,1,"224093","uc007ywy.2",76244,"ENSMUSG00000046546","Fam43a","family with sequence similarity 43, member A"
"218","chr14",47187835,47188335,501,"*","Merged-chr14-47188104-35","Promoter (1-2kb)",14,47153895,47189402,35508,2,"14528","uc007tht.1",1067,"ENSMUSG00000037580","Gch1","GTP cyclohydrolase 1"
"219","chr19",14588205,14588671,467,"*","Merged-chr19-14588447-32","Intron (uc056zhs.1/21888, intron 4 of 19)",19,14448072,14597213,149142,2,"21888","uc056zhs.1",8542,"ENSMUSG00000024642","Tle4","transducin-like enhancer of split 4"
"220","chr7",30322935,30323250,316,"*","Merged-chr7-30323096-14","Promoter (<=1kb)",7,30321409,30322375,967,2,"68332","uc009ged.1",-560,"ENSMUSG00000074211","Sdhaf1","succinate dehydrogenase complex assembly factor 1"
"221","chr18",58676722,58677206,485,"*","Merged-chr18-58676991-24","Intron (uc008ezq.1/66307, intron 4 of 4)",18,58659482,58679570,20089,1,"66307","uc008ezq.1",17240,"ENSMUSG00000024601","Isoc1","isochorismatase domain containing 1"
"222","chr9",75546786,75547483,698,"*","Merged-chr9-75547182-41","Intron (uc009qsi.1/50875, intron 1 of 9)",9,75497784,75559657,61874,2,"50875","uc009qsi.1",12174,"ENSMUSG00000058587","Tmod3","tropomodulin 3"
"223","chr13",34095516,34096481,966,"*","Merged-chr13-34096039-50","Intron (uc029rzv.1/432745, intron 2 of 4)",13,34084155,34113272,29118,2,"432745","uc029rzv.1",16791,"ENSMUSG00000113591","4930447K03Rik","RIKEN cDNA 4930447K03 gene"
"224","chr6",95651277,95651819,543,"*","Merged-chr6-95651560-12","Promoter (3-4kb)",6,95566396,95655599,89204,2,"20917","uc009dab.1",3780,"ENSMUSG00000061838","Suclg2","succinate-Coenzyme A ligase, GDP-forming, beta subunit"
"225","chr1",60652447,60652846,400,"*","Merged-chr1-60652675-22","Distal Intergenic",1,60483185,60566765,83581,2,"77300","uc007bet.2",-85682,"ENSMUSG00000026014","Raph1","Ras association (RalGDS/AF-6) and pleckstrin homology domains 1"
"226","chr17",88480368,88480731,364,"*","Merged-chr17-88480530-23","Intron (uc008dvl.2/14236, intron 5 of 6)",17,88440712,88490533,49822,1,"14236","uc008dvn.2",39656,"ENSMUSG00000034998","Foxn2","forkhead box N2"
"227","chr14",61061806,61062163,358,"*","Merged-chr14-61061942-9","Distal Intergenic",14,60996548,61046855,50308,2,"29820","uc007ufn.2",-14951,"ENSMUSG00000060548","Tnfrsf19","tumor necrosis factor receptor superfamily, member 19"
"228","chr18",35726616,35727089,474,"*","Merged-chr18-35726871-27","Promoter (<=1kb)",18,35726989,35730869,3881,1,"73449","uc008ems.1",0,"ENSMUSG00000073598","1700066B19Rik","RIKEN cDNA 1700066B19 gene"
"229","chr10",77353340,77353817,478,"*","Merged-chr10-77353573-28","Intron (uc007fvl.2/110532, intron 2 of 11)",10,77321649,77340142,18494,2,"110532","uc011xhc.1",-13198,"ENSMUSG00000020262","Adarb1","adenosine deaminase, RNA-specific, B1"
"230","chr11",68270722,68271276,555,"*","Merged-chr11-68271044-32","Exon (uc057ayr.1/uc057ayr.1, exon 1 of 1)",11,68220892,68221011,120,1,"102465219","uc033fwn.1",49830,"ENSMUSG00000099174","Mir6406","microRNA 6406"
"231","chr16",30678281,30678563,283,"*","Merged-chr16-30678432-4","Distal Intergenic",16,30599723,30602797,3075,1,"224093","uc007ywy.2",78558,"ENSMUSG00000046546","Fam43a","family with sequence similarity 43, member A"
"232","chr12",112853041,112853395,355,"*","Merged-chr12-112853218-38","Exon (uc007pfk.1/56696, exon 3 of 3)",12,112850876,112860916,10041,2,"56696","uc007pfk.1",7521,"ENSMUSG00000021298","Gpr132","G protein-coupled receptor 132"
"233","chr3",35318163,35318676,514,"*","Merged-chr3-35318440-37","Distal Intergenic",3,35597152,35666163,69012,2,"625963","uc008oyr.1",347487,"ENSMUSG00000105662","Gm6639","predicted gene 6639"
"234","chr8",77292491,77293053,563,"*","Merged-chr8-77292720-71","Intron (uc009mhm.1/78514, intron 19 of 22)",8,77517056,77518578,1523,1,"70345","uc012ggf.1",-224003,"ENSMUSG00000097882","0610038B21Rik","RIKEN cDNA 0610038B21 gene"
"235","chr14",87050916,87051639,724,"*","Merged-chr14-87051368-42","Intron (uc007uub.1/56419, intron 4 of 27)",14,86656323,87141114,484792,2,"56419","uc007uub.1",89475,"ENSMUSG00000022021","Diaph3","diaphanous related formin 3"
"236","chr12",75283301,75283828,528,"*","Merged-chr12-75283531-50","Distal Intergenic",12,75308313,75395817,87505,1,"80837","uc007nxa.1",-24485,"ENSMUSG00000046768","Rhoj","ras homolog family member J"
"237","chr7",43481032,43481551,520,"*","Merged-chr7-43481332-27","Intron (uc009gmv.2/210094, intron 1 of 7)",7,43472907,43490023,17117,2,"210094","uc009gmv.2",8472,"ENSMUSG00000013367","Iglon5","IgLON family member 5"
"238","chr7",66416682,66417115,434,"*","Merged-chr7-66416875-13","Intron (uc009hhi.3/56847, intron 3 of 12)",7,66408802,66425701,16900,2,"56847","uc009hhj.2",8586,"ENSMUSG00000015134","Aldh1a3","aldehyde dehydrogenase family 1, subfamily A3"
"239","chr2",126498761,126499261,501,"*","Merged-chr2-126499021-9","Promoter (1-2kb)",2,126392802,126500667,107866,2,"241633","uc008mdp.1",1406,"ENSMUSG00000060131","Atp8b4","ATPase, class I, type 8B, member 4"
"240","chr12",91114917,91115733,817,"*","Merged-chr12-91115210-19","Intron (uc011ypv.1/75216, intron 6 of 12)",12,91045848,91056636,10789,1,"71349","uc007okm.3",69069,"ENSMUSG00000085004","5430427M07Rik","RIKEN cDNA 5430427M07 gene"
"241","chr2",70727041,70727596,556,"*","Merged-chr2-70727299-23","Intron (uc008jzt.2/228012, intron 12 of 19)",2,70687813,70691725,3913,1,"70231","uc008jzs.2",39228,"ENSMUSG00000014959","Gorasp2","golgi reassembly stacking protein 2"
"242","chr11",100891289,100892136,848,"*","Merged-chr11-100891852-30","Intron (uc007lmo.2/20848, intron 21 of 23)",11,100860484,100885169,24686,1,"20850","uc011yfg.1",30805,"ENSMUSG00000004043","Stat5a","signal transducer and activator of transcription 5A"
"243","chr4",63840034,63840232,199,"*","Merged-chr4-63840132-1","Intron (uc008thd.1/21949, intron 2 of 3)",4,63832824,63861284,28461,2,"21949","uc008thd.1",21052,"ENSMUSG00000028362","Tnfsf8","tumor necrosis factor (ligand) superfamily, member 8"
"244","chr4",21751840,21752250,411,"*","Merged-chr4-21752041-18","Intron (uc056zvj.1/51813, intron 11 of 11)",4,21757382,21767211,9830,2,"77032","uc008scx.2",14961,"ENSMUSG00000028251","Tstd3","thiosulfate sulfurtransferase (rhodanese)-like domain containing 3"
"245","chr2",29691093,29691291,199,"*","Merged-chr2-29691191-1","Intron (uc008izt.1/107746, intron 4 of 15)",2,29702193,29730612,28420,1,"107746","uc008izx.1",-10902,"ENSMUSG00000039844","Rapgef1","Rap guanine nucleotide exchange factor (GEF) 1"
"246","chr14",15099901,15100391,491,"*","Merged-chr14-15100120-43","Distal Intergenic",14,14865222,14971658,106437,1,"674895","uc007sgs.2",234679,"ENSMUSG00000042567","Nek10","NIMA (never in mitosis gene a)- related kinase 10"
"247","chr7",78692826,78693344,519,"*","Merged-chr7-78693122-18","Intron (uc012fnd.1/414121, intron 5 of 10)",7,78581066,78718220,137155,2,"414121","uc012fnd.1",24876,"ENSMUSG00000059146","E430016F16Rik","RIKEN cDNA E430016F16 gene"
"248","chr16",10585045,10586042,998,"*","Merged-chr16-10585448-58","Intron (uc007ydy.2/74374, intron 9 of 20)",16,10600551,10744878,144328,1,"74374","uc007yec.2",-14509,"ENSMUSG00000068663","Clec16a","C-type lectin domain family 16, member A"
"249","chr13",73760166,73760491,326,"*","Merged-chr13-73760332-14","Promoter (3-4kb)",13,73763697,73812358,48662,1,"20499","uc007reb.1",-3206,"ENSMUSG00000017756","Slc12a7","solute carrier family 12, member 7"
"250","chr13",51397931,51398207,277,"*","Merged-chr13-51398065-7","Distal Intergenic",13,51408618,51422797,14180,1,"13610","uc007qmf.2",-10411,"ENSMUSG00000067586","S1pr3","sphingosine-1-phosphate receptor 3"
"251","chr12",30599079,30600006,928,"*","Merged-chr12-30599572-41","Distal Intergenic",12,30584443,30591219,6777,1,"211986","uc007ngu.2",14636,"ENSMUSG00000043061","Tmem18","transmembrane protein 18"
"252","chr6",91488761,91489201,441,"*","Merged-chr6-91488939-35","Downstream (<1kb)",6,91473751,91488458,14708,1,"74122","uc009cyc.1",15010,"ENSMUSG00000030095","Tmem43","transmembrane protein 43"
"253","chr4",11084687,11085070,384,"*","Merged-chr4-11084883-37","Distal Intergenic",4,11071393,11076205,4813,2,"76947","uc008ryy.2",-8482,"ENSMUSG00000050323","Ndufaf6","NADH:ubiquinone oxidoreductase complex assembly factor 6"
"254","chr15",72742464,72742804,341,"*","Merged-chr15-72742645-6","Intron (uc007wbl.2/76510, intron 17 of 21)",15,72805604,72810324,4721,2,"353342","uc007wbo.2",67520,"ENSMUSG00000106847","Peg13","paternally expressed 13"
"255","chr10",111575967,111576341,375,"*","Merged-chr10-111576182-36","Distal Intergenic",10,111586719,111594273,7555,2,"71321","uc029rfn.1",17932,"ENSMUSG00000097082","4933440J02Rik","RIKEN cDNA 4933440J02 gene"
"256","chr13",58067386,58068076,691,"*","Merged-chr13-58067754-68","Intron (uc011zal.1/100503085, intron 6 of 16)",13,58004957,58102428,97472,2,"100503085","uc011zal.1",34352,"ENSMUSG00000014164","Klhl3","kelch-like 3"
"257","chr1",164453519,164454109,591,"*","Merged-chr1-164453894-15","Promoter (4-5kb)",1,164437099,164458355,21257,2,"11931","uc007dip.2",4246,"ENSMUSG00000026576","Atp1b1","ATPase, Na+/K+ transporting, beta 1 polypeptide"
"258","chr5",64662084,64662772,689,"*","Merged-chr5-64662440-49","Distal Intergenic",5,64593863,64610699,16837,2,"100042198","uc008xmq.2",-51385,"ENSMUSG00000105402","Gm3716","predicted gene 3716"
"259","chr1",119794689,119795630,942,"*","Merged-chr1-119795246-28","Intron (uc007ciz.2/19258, intron 2 of 26)",1,119658092,119837071,178980,2,"19258","uc007ciz.2",41441,"ENSMUSG00000026384","Ptpn4","protein tyrosine phosphatase, non-receptor type 4"
"260","chr13",43761162,43761611,450,"*","Merged-chr13-43761371-26","Distal Intergenic",13,43785112,43803133,18022,1,"12522","uc007qgk.3",-23501,"ENSMUSG00000015396","Cd83","CD83 antigen"
"261","chr5",75660626,75661224,599,"*","Merged-chr5-75660966-11","Distal Intergenic",5,75649094,75656722,7629,1,"16590","uc008xui.3",11532,"ENSMUSG00000005672","Kit","KIT proto-oncogene receptor tyrosine kinase"
"262","chr17",51879160,51880681,1522,"*","Merged-chr17-51879858-102","Promoter (2-3kb)",17,51882727,51965257,82531,1,"100504169","uc029tit.1",-2046,"ENSMUSG00000117175","Gm20098","predicted gene, 20098"
"263","chr4",86721813,86722212,400,"*","Merged-chr4-86721990-52","Distal Intergenic",4,86748555,86826080,77526,1,"329877","uc033idc.1",-26343,"ENSMUSG00000038024","Dennd4c","DENN/MADD domain containing 4C"
"264","chr16",95900052,95900558,507,"*","Merged-chr16-95900278-53","Promoter (1-2kb)",16,95831123,95898713,67591,2,"69776","uc008acf.1",-1339,"ENSMUSG00000117232","1600002D24Rik","RIKEN cDNA 1600002D24 gene"
"265","chr5",100929650,100930106,457,"*","Merged-chr5-100929891-31","Distal Intergenic",5,100846364,100899102,52739,1,"231510","uc008yij.1",83286,"ENSMUSG00000029314","Gpat3","glycerol-3-phosphate acyltransferase 3"
"266","chr10",118166090,118166454,365,"*","Merged-chr10-118166257-15","Intron (uc007hdt.2/17245, intron 12 of 13)",10,118141787,118168999,27213,1,"17245","uc011xns.1",24303,"ENSMUSG00000020212","Mdm1","transformed mouse 3T3 cell double minute 1"
"267","chr14",40891533,40892414,882,"*","Merged-chr14-40891831-29","Promoter (<=1kb)",14,40815868,40892965,77098,2,"328381","uc007tce.1",551,"ENSMUSG00000037833","Sh2d4b","SH2 domain containing 4B"
"268","chr4",32560354,32560840,487,"*","Merged-chr4-32560610-21","Exon (uc008set.2/414068, exon 5 of 5)",4,32559680,32571662,11983,2,"414068","uc008set.2",10822,"ENSMUSG00000086150","Bach2os","BTB and CNC homology 2, opposite strand"
"269","chr8",81761495,81761840,346,"*","Merged-chr8-81761666-20","Intron (uc009mje.2/234515, intron 6 of 24)",8,81856368,82122570,266203,1,"234515","uc009mji.2",-94528,"ENSMUSG00000037940","Inpp4b","inositol polyphosphate-4-phosphatase, type II"
"270","chr9",48562400,48562933,534,"*","Merged-chr9-48562670-30","Distal Intergenic",9,48591877,48605123,13247,2,"18113","uc009pij.2",42190,"ENSMUSG00000032271","Nnmt","nicotinamide N-methyltransferase"
"271","chr19",55408018,55408913,896,"*","Merged-chr19-55408533-26","Intron (uc008hxx.2/53611, intron 5 of 7)",19,55316057,55627461,311405,1,"53611","uc008hxz.2",91961,"ENSMUSG00000024983","Vti1a","vesicle transport through interaction with t-SNAREs 1A"
"272","chrX",106962212,106962750,539,"*","Merged-chrX-106962471-28","Distal Intergenic",20,106920625,106933899,13275,1,"78134","uc009ubx.2",41587,"ENSMUSG00000049929","Lpar4","lysophosphatidic acid receptor 4"
"273","chr2",132004769,132005121,353,"*","Merged-chr2-132004928-41","Intron (uc008mmf.2/215653, intron 5 of 10)",2,132000922,132021173,20252,2,"215653","uc008mmg.1",16052,"ENSMUSG00000027339","Rassf2","Ras association (RalGDS/AF-6) domain family member 2"
"274","chr2",59244239,59245325,1087,"*","Merged-chr2-59244755-83","Intron (uc008jsz.1/227937, intron 2 of 14)",2,59229749,59338910,109162,1,"227937","uc008jtf.1",14490,"ENSMUSG00000026991","Pkp4","plakophilin 4"
"275","chr4",129754589,129755112,524,"*","Merged-chr4-129754913-37","Distal Intergenic",4,129728880,129742303,13424,2,"20218","uc008uye.2",-12286,"ENSMUSG00000028790","Khdrbs1","KH domain containing, RNA binding, signal transduction associated 1"
"276","chr16",57174606,57174922,317,"*","Merged-chr16-57174772-11","Intron (uc007znb.2/67581, intron 15 of 17)",16,57156665,57167332,10668,2,"52633","uc007zna.1",-7274,"ENSMUSG00000022751","Nit2","nitrilase family, member 2"
"277","chr16",52292511,52292962,452,"*","Merged-chr16-52292729-42","Intron (uc007zli.2/11658, intron 6 of 15)",16,52248996,52452997,204002,2,"11658","uc007zli.2",160035,"ENSMUSG00000022636","Alcam","activated leukocyte cell adhesion molecule"
"278","chr9",124146124,124146614,491,"*","Merged-chr9-124146419-55","Distal Intergenic",9,124121543,124127183,5641,1,"12774","uc009shd.2",24581,"ENSMUSG00000079227","Ccr5","chemokine (C-C motif) receptor 5"
