motif_name,subfamily,family,class,superclass,WT_Tfh_vs_WT_Th1,DKO_Th1_vs_WT_Th1,DKO_Th1_vs_Bcl6KO_Th1,DKO_Tfh_vs_WT_Tfh,DKO_Tfh_vs_Prdm1KO_Tfh
RUNX1(Runt),NA,Family: Runt-related factors | TGTGGT,Class: Runt domain factors,Superclass: Immunoglobulin fold,50.44,33.33,38.91,26.39,27.01
RUNX2(Runt),NA,Family: Runt-related factors | TGTGGT,Class: Runt domain factors,Superclass: Immunoglobulin fold,43.82,30.14,33.88,22.18,22.32
RUNX3+M5791,NA,Family: Runt-related factors | TGTGGT,Class: Runt domain factors,Superclass: Immunoglobulin fold,0.68,0.15,0.14,0,0.09
Tbr1(T-box),NA,Family: TBrain-related factors | AGGTGTGAA,Class: T-Box factors,Superclass: Immunoglobulin fold,40.76,34.25,35.24,26.09,26
Tbet(T-box),NA,Family: TBrain-related factors | AGGTGTGAA,Class: T-Box factors,Superclass: Immunoglobulin fold,38.25,31.81,32.24,22.7,22.27
ERG(ETS),Subfamily: Ets-like factors | CCGGAAG,Family: Ets-related factors | GGAAG,Class: Tryptophan cluster factors,Superclass: Helix-turn-helix domains,57.18,56.01,60.14,50.56,47.95
ETV1(ETS),Subfamily: Elk-like factors | CCGGAAG,Family: Ets-related factors | GGAAG,Class: Tryptophan cluster factors,Superclass: Helix-turn-helix domains,52.53,53.73,57.55,45.1,43.26
ETS1(ETS),Subfamily: Ets-like factors | CCGGAAG,Family: Ets-related factors | GGAAG,Class: Tryptophan cluster factors,Superclass: Helix-turn-helix domains,47.89,45.81,50.75,39.02,37.28
Fli1(ETS),Subfamily: Ets-like factors | CCGGAAG,Family: Ets-related factors | GGAAG,Class: Tryptophan cluster factors,Superclass: Helix-turn-helix domains,47.34,48.71,52.79,40.62,38.43
Etv2(ETS),Subfamily: Ets-like factors | CCGGAAG,Family: Ets-related factors | GGAAG,Class: Tryptophan cluster factors,Superclass: Helix-turn-helix domains,44.92,43.68,49.39,36.68,34.47
EHF(ETS),Subfamily: EHF-like factors | CCGGAAGT,Family: Ets-related factors | GGAAG,Class: Tryptophan cluster factors,Superclass: Helix-turn-helix domains,42.6,41.86,44.22,37.33,36.45
GABPA(ETS),Subfamily: Ets-like factors | CCGGAAG,Family: Ets-related factors | GGAAG,Class: Tryptophan cluster factors,Superclass: Helix-turn-helix domains,40.12,40.03,44.63,32.6,31.25
EWS:ERG-fusion(ETS),NA,NA,NA,NA,33.92,34.55,36.73,30.56,28.76
SPDEF(ETS),Subfamily: SPDEF-like factors | CCGGATGT,Family: Ets-related factors | GGAAG,Class: Tryptophan cluster factors,Superclass: Helix-turn-helix domains,33.22,32.88,34.97,28.73,29.13
EWS:FLI1-fusion(ETS),NA,NA,NA,NA,28.83,29.07,31.02,25.26,24.3
ELF3(ETS),Subfamily: EHF-like factors | CCGGAAGT,Family: Ets-related factors | GGAAG,Class: Tryptophan cluster factors,Superclass: Helix-turn-helix domains,28.64,28.31,28.84,24.26,23.93
PU.1(ETS),Subfamily: Spi-like factors | AGAGGAAG,Family: Ets-related factors | GGAAG,Class: Tryptophan cluster factors,Superclass: Helix-turn-helix domains,25.12,24.35,25.99,18.88,18.27
Elk1(ETS),Subfamily: Elk-like factors | CCGGAAG,Family: Ets-related factors | GGAAG,Class: Tryptophan cluster factors,Superclass: Helix-turn-helix domains,24.83,25.42,27.07,20.18,19.28
ETS1(ETS),Subfamily: Ets-like factors | CCGGAAG,Family: Ets-related factors | GGAAG,Class: Tryptophan cluster factors,Superclass: Helix-turn-helix domains,47.89,45.81,50.75,39.02,37.28
KLF5(Zf),Subfamily: Krppel-like factors | CCACACCCT,Family: Three-zinc finger Krppel-related factors,Class: C2H2 zinc finger factors,Superclass: Zinc-coordinating DNA-binding domains,36.86,29.83,33.2,25.61,24.9
KLF6(Zf),Subfamily: Krppel-like factors | CCACACCCT,Family: Three-zinc finger Krppel-related factors,Class: C2H2 zinc finger factors,Superclass: Zinc-coordinating DNA-binding domains,30.12,22.83,24.76,20.23,20.16
LEF1(HMG),NA,Family: TCF-7-related factors | TTCAAAG,Class: High-mobility group (HMG) domain factors,Superclass: Other all-a-helical DNA-binding domains,9.96,7.76,6.8,32.6,33.04
Tcf3(HMG),NA,Family: TCF-7-related factors | TTCAAAG,Class: High-mobility group (HMG) domain factors,Superclass: Other all-a-helical DNA-binding domains,3.42,2.74,1.77,18.23,18.59
Tcf4(HMG),NA,Family: TCF-7-related factors | TTCAAAG,Class: High-mobility group (HMG) domain factors,Superclass: Other all-a-helical DNA-binding domains,6.58,5.78,5.03,25.91,26.69
Tcf7(HMG),NA,Family: TCF-7-related factors | TTCAAAG,Class: High-mobility group (HMG) domain factors,Superclass: Other all-a-helical DNA-binding domains,4.87,2.74,2.72,20.05,20.48
Tcf7l2+M1585,NA,Family: TCF-7-related factors | TTCAAAG,Class: High-mobility group (HMG) domain factors,Superclass: Other all-a-helical DNA-binding domains,14.51,14.31,11.84,43.4,43.3
AP-1(bZIP),Subfamily: Jun factors | TGAGTCA,Family: Jun-related factors | TGAGTCA,Class: Basic leucine zipper factors (bZIP),Superclass: Basic domains,21.54,24.51,19.05,29.99,33.96
Atf3(bZIP),Subfamily: ATF-3-like factors | TGACGTCA,Family: Fos-related factors | (TGAGTCA),Class: Basic leucine zipper factors (bZIP),Superclass: Basic domains,18.7,22.68,17.28,27.82,32.54
BATF(bZIP),NA,Family: B-ATF-related factors | TGAGTCA,Class: Basic leucine zipper factors (bZIP),Superclass: Basic domains,18.61,22.07,16.46,27.73,32.67
JunB(bZIP),Subfamily: Jun factors | TGAGTCA,Family: Jun-related factors | TGAGTCA,Class: Basic leucine zipper factors (bZIP),Superclass: Basic domains,16.64,18.87,14.97,25.09,29.54
Fra1(bZIP),Subfamily: Fos factors | (TGAGTCA),Family: Fos-related factors | (TGAGTCA),Class: Basic leucine zipper factors (bZIP),Superclass: Basic domains,16.22,19.63,14.83,24.7,29.64
Fra2(bZIP),Subfamily: Fos factors | (TGAGTCA),Family: Fos-related factors | (TGAGTCA),Class: Basic leucine zipper factors (bZIP),Superclass: Basic domains,14.7,17.2,13.06,22.48,26.65
"NFAT:AP1(RHD,bZIP)",NA,NA,NA,NA,3.55,12.18,6.39,13.11,14.31
GATA3(Zf),Subfamily: Two zinc-finger GATA factors | AGATAA,Family: GATA-type zinc fingers,Class: Other C4 zinc finger-type factors,Superclass: Zinc-coordinating DNA-binding domains,28.83,25.11,24.08,27.86,28.03
Ascl2+M5987,Subfamily: Achaete-Scute-like factors,Family: MyoD / ASC-related factors | CAGGTG,Class: Basic helix-loop-helix factors (bHLH),Superclass: Basic domains,8.96,11.26,8.71,11.2,10.95