motif_name,subfamily,family,class,superclass
"RAR:RXR(NR),DR5",,,,
"PAX3:FKHR-fusion(Paired,Homeobox)",,,,
EWS:ERG-fusion(ETS),,,,
"Oct4:Sox17(POU,Homeobox,HMG)",,,,
CEBP:CEBP(bZIP),,,,
Arnt:Ahr(bHLH),,,,
EWS:FLI1-fusion(ETS),,,,
"NFAT:AP1(RHD,bZIP)",,,,
"GATA:SCL(Zf,bHLH)",,,,
"bZIP:IRF(bZIP,IRF)",,,,
"Tbox:Smad(T-box,MAD)",,,,
"ETS:E-box(ETS,bHLH)/HPC7-Scl-ChIP-Seq(GSE22178)",,,,
PU.1:IRF8(ETS:IRF),,,,
IRF:BATF(IRF:bZIP),,,,
"ETS:RUNX(ETS,Runt)",,,,
"Pitx1:Ebox(Homeobox,bHLH)",,,,
"Fox:Ebox(Forkhead,bHLH)",,,,
CEBP:AP1(bZIP),,,,
"OCT:OCT-short(POU,Homeobox)",,,,
HEB(bHLH),,Family: E2A-related factors | CAGGTG,Class: Basic helix-loop-helix factors (bHLH),Superclass: Basic domains
TCF4(bHLH),,Family: E2A-related factors | CAGGTG,Class: Basic helix-loop-helix factors (bHLH),Superclass: Basic domains
"E2A(bHLH),near_PU.1",,Family: E2A-related factors | CAGGTG,Class: Basic helix-loop-helix factors (bHLH),Superclass: Basic domains
E2A(bHLH),,Family: E2A-related factors | CAGGTG,Class: Basic helix-loop-helix factors (bHLH),Superclass: Basic domains
Tcf12(bHLH),,Family: E2A-related factors | CAGGTG,Class: Basic helix-loop-helix factors (bHLH),Superclass: Basic domains
Id4+M5571,,Family: HLH domain only,Class: Basic helix-loop-helix factors (bHLH),Superclass: Basic domains
Id1+M0189,,Family: HLH domain only,Class: Basic helix-loop-helix factors (bHLH),Superclass: Basic domains
Hes7+M0192,Subfamily: Hairy-like factors | CACGAG,Family: Hairy-related factors | CACGAG,Class: Basic helix-loop-helix factors (bHLH),Superclass: Basic domains
Hey1+M0183,Subfamily: Hairy-like factors | CACGAG,Family: Hairy-related factors | CACGAG,Class: Basic helix-loop-helix factors (bHLH),Superclass: Basic domains
bHLHE41(bHLH),Subfamily: Hairy-like factors | CACGAG,Family: Hairy-related factors | CACGAG,Class: Basic helix-loop-helix factors (bHLH),Superclass: Basic domains
Hes1+M0191,Subfamily: Hairy-like factors | CACGAG,Family: Hairy-related factors | CACGAG,Class: Basic helix-loop-helix factors (bHLH),Superclass: Basic domains
Hes5+M0215,Subfamily: Hairy-like factors | CACGAG,Family: Hairy-related factors | CACGAG,Class: Basic helix-loop-helix factors (bHLH),Superclass: Basic domains
Hes2+M0199,Subfamily: Hairy-like factors | CACGAG,Family: Hairy-related factors | CACGAG,Class: Basic helix-loop-helix factors (bHLH),Superclass: Basic domains
Ascl2+M5987,Subfamily: Achaete-Scute-like factors,Family: MyoD / ASC-related factors | CAGGTG,Class: Basic helix-loop-helix factors (bHLH),Superclass: Basic domains
Ascl1(bHLH),Subfamily: Achaete-Scute-like factors,Family: MyoD / ASC-related factors | CAGGTG,Class: Basic helix-loop-helix factors (bHLH),Superclass: Basic domains
MyoD(bHLH),Subfamily: Myogenic transcription factors,Family: MyoD / ASC-related factors | CAGGTG,Class: Basic helix-loop-helix factors (bHLH),Superclass: Basic domains
MyoG(bHLH),Subfamily: Myogenic transcription factors,Family: MyoD / ASC-related factors | CAGGTG,Class: Basic helix-loop-helix factors (bHLH),Superclass: Basic domains
Myf5(bHLH),Subfamily: Myogenic transcription factors,Family: MyoD / ASC-related factors | CAGGTG,Class: Basic helix-loop-helix factors (bHLH),Superclass: Basic domains
Myod1+M2299,Subfamily: Myogenic transcription factors,Family: MyoD / ASC-related factors | CAGGTG,Class: Basic helix-loop-helix factors (bHLH),Superclass: Basic domains
Myf6+M0210,Subfamily: Myogenic transcription factors,Family: MyoD / ASC-related factors | CAGGTG,Class: Basic helix-loop-helix factors (bHLH),Superclass: Basic domains
HIF1A+M6275,Subfamily: Ahr-like factors | CACGC,Family: PAS domain factors | CACGC,Class: Basic helix-loop-helix factors (bHLH),Superclass: Basic domains
HIF-1a(bHLH),Subfamily: Ahr-like factors | CACGC,Family: PAS domain factors | CACGC,Class: Basic helix-loop-helix factors (bHLH),Superclass: Basic domains
Sim2+M5234,Subfamily: Ahr-like factors | CACGC,Family: PAS domain factors | CACGC,Class: Basic helix-loop-helix factors (bHLH),Superclass: Basic domains
HIF2a(bHLH),Subfamily: Ahr-like factors | CACGC,Family: PAS domain factors | CACGC,Class: Basic helix-loop-helix factors (bHLH),Superclass: Basic domains
CLOCK(bHLH),Subfamily: Arnt-like factors | CACGTG,Family: PAS domain factors | CACGC,Class: Basic helix-loop-helix factors (bHLH),Superclass: Basic domains
Arntl+M0220,Subfamily: Arnt-like factors | CACGTG,Family: PAS domain factors | CACGC,Class: Basic helix-loop-helix factors (bHLH),Superclass: Basic domains
Arnt+M0179,Subfamily: Arnt-like factors | CACGTG,Family: PAS domain factors | CACGC,Class: Basic helix-loop-helix factors (bHLH),Superclass: Basic domains
NPAS2(bHLH),Subfamily: Arnt-like factors | CACGTG,Family: PAS domain factors | CACGC,Class: Basic helix-loop-helix factors (bHLH),Superclass: Basic domains
Arnt2+M0180,Subfamily: Arnt-like factors | CACGTG,Family: PAS domain factors | CACGC,Class: Basic helix-loop-helix factors (bHLH),Superclass: Basic domains
BMAL1(bHLH),Subfamily: Arnt-like factors | CACGTG,Family: PAS domain factors | CACGC,Class: Basic helix-loop-helix factors (bHLH),Superclass: Basic domains
Npas4+M4930,Subfamily: NPAS-4 | CACGA,Family: PAS domain factors | CACGC,Class: Basic helix-loop-helix factors (bHLH),Superclass: Basic domains
Sohlh2+M0198,Subfamily: SOHLH-like factors,Family: PAS domain factors | CACGC,Class: Basic helix-loop-helix factors (bHLH),Superclass: Basic domains
Tcfl5+M0212,Subfamily: SOHLH-like factors,Family: PAS domain factors | CACGC,Class: Basic helix-loop-helix factors (bHLH),Superclass: Basic domains
Msc+M0195,Subfamily: Mesp-like factors,Family: Tal-related factors | CAGCTG,Class: Basic helix-loop-helix factors (bHLH),Superclass: Basic domains
Mesp1+M5627,Subfamily: Mesp-like factors,Family: Tal-related factors | CAGCTG,Class: Basic helix-loop-helix factors (bHLH),Superclass: Basic domains
ABF1,Subfamily: Mesp-like factors,Family: Tal-related factors | CAGCTG,Class: Basic helix-loop-helix factors (bHLH),Superclass: Basic domains
Tcf21(bHLH),Subfamily: Mesp-like factors,Family: Tal-related factors | CAGCTG,Class: Basic helix-loop-helix factors (bHLH),Superclass: Basic domains
Olig3+M0213,Subfamily: Neurogenin / Atonal-like factors | CAGCTG,Family: Tal-related factors | CAGCTG,Class: Basic helix-loop-helix factors (bHLH),Superclass: Basic domains
NeuroG2(bHLH),Subfamily: Neurogenin / Atonal-like factors | CAGCTG,Family: Tal-related factors | CAGCTG,Class: Basic helix-loop-helix factors (bHLH),Superclass: Basic domains
Neurod2+M5652,Subfamily: Neurogenin / Atonal-like factors | CAGCTG,Family: Tal-related factors | CAGCTG,Class: Basic helix-loop-helix factors (bHLH),Superclass: Basic domains
Ferd3l+M4971,Subfamily: Neurogenin / Atonal-like factors | CAGCTG,Family: Tal-related factors | CAGCTG,Class: Basic helix-loop-helix factors (bHLH),Superclass: Basic domains
Atoh1(bHLH),Subfamily: Neurogenin / Atonal-like factors | CAGCTG,Family: Tal-related factors | CAGCTG,Class: Basic helix-loop-helix factors (bHLH),Superclass: Basic domains
NeuroD1(bHLH),Subfamily: Neurogenin / Atonal-like factors | CAGCTG,Family: Tal-related factors | CAGCTG,Class: Basic helix-loop-helix factors (bHLH),Superclass: Basic domains
Bhlhe22+M0194,Subfamily: Neurogenin / Atonal-like factors | CAGCTG,Family: Tal-related factors | CAGCTG,Class: Basic helix-loop-helix factors (bHLH),Superclass: Basic domains
Bhlha15+M0218,Subfamily: Neurogenin / Atonal-like factors | CAGCTG,Family: Tal-related factors | CAGCTG,Class: Basic helix-loop-helix factors (bHLH),Superclass: Basic domains
Olig2(bHLH),Subfamily: Neurogenin / Atonal-like factors | CAGCTG,Family: Tal-related factors | CAGCTG,Class: Basic helix-loop-helix factors (bHLH),Superclass: Basic domains
Atoh8+M5116,Subfamily: Neurogenin / Atonal-like factors | CAGCTG,Family: Tal-related factors | CAGCTG,Class: Basic helix-loop-helix factors (bHLH),Superclass: Basic domains
Nhlh2+M0216,Subfamily: Tal / HEN-like factors | CAGCTG,Family: Tal-related factors | CAGCTG,Class: Basic helix-loop-helix factors (bHLH),Superclass: Basic domains
Tal1,Subfamily: Tal / HEN-like factors | CAGCTG,Family: Tal-related factors | CAGCTG,Class: Basic helix-loop-helix factors (bHLH),Superclass: Basic domains
SCL(bHLH),Subfamily: Tal / HEN-like factors | CAGCTG,Family: Tal-related factors | CAGCTG,Class: Basic helix-loop-helix factors (bHLH),Superclass: Basic domains
Nhlh1+M1880,Subfamily: Tal / HEN-like factors | CAGCTG,Family: Tal-related factors | CAGCTG,Class: Basic helix-loop-helix factors (bHLH),Superclass: Basic domains
Figla+M0203,Subfamily: Twist-like factors | CGTCTG,Family: Tal-related factors | CAGCTG,Class: Basic helix-loop-helix factors (bHLH),Superclass: Basic domains
Hand2(bHLH),Subfamily: Twist-like factors | CGTCTG,Family: Tal-related factors | CAGCTG,Class: Basic helix-loop-helix factors (bHLH),Superclass: Basic domains
Twist(bHLH),Subfamily: Twist-like factors | CGTCTG,Family: Tal-related factors | CAGCTG,Class: Basic helix-loop-helix factors (bHLH),Superclass: Basic domains
Tcf15+M4850,Subfamily: Twist-like factors | CGTCTG,Family: Tal-related factors | CAGCTG,Class: Basic helix-loop-helix factors (bHLH),Superclass: Basic domains
Ptf1a(bHLH),Subfamily: Twist-like factors | CGTCTG,Family: Tal-related factors | CAGCTG,Class: Basic helix-loop-helix factors (bHLH),Superclass: Basic domains
Ap4(bHLH),Subfamily: AP-4 | CAGCTG,Family: bHLH-ZIP factors | CACATG,Class: Basic helix-loop-helix factors (bHLH),Superclass: Basic domains
MNT(bHLH),Subfamily: Mad-like factors | CACGTG,Family: bHLH-ZIP factors | CACATG,Class: Basic helix-loop-helix factors (bHLH),Superclass: Basic domains
Mga+M5628,Subfamily: Mad-like factors | CACGTG,Family: bHLH-ZIP factors | CACATG,Class: Basic helix-loop-helix factors (bHLH),Superclass: Basic domains
Mlx+M0182,Subfamily: Mondo-like factors | CACGTG,Family: bHLH-ZIP factors | CACATG,Class: Basic helix-loop-helix factors (bHLH),Superclass: Basic domains
Mlxip+M0211,Subfamily: Mondo-like factors | CACGTG,Family: bHLH-ZIP factors | CACATG,Class: Basic helix-loop-helix factors (bHLH),Superclass: Basic domains
c-Myc(bHLH)/mES-cMyc-ChIP-Seq(GSE11431),Subfamily: Myc / Max factors | CACGTG,Family: bHLH-ZIP factors | CACATG,Class: Basic helix-loop-helix factors (bHLH),Superclass: Basic domains
n-Myc(bHLH),Subfamily: Myc / Max factors | CACGTG,Family: bHLH-ZIP factors | CACATG,Class: Basic helix-loop-helix factors (bHLH),Superclass: Basic domains
Max(bHLH),Subfamily: Myc / Max factors | CACGTG,Family: bHLH-ZIP factors | CACATG,Class: Basic helix-loop-helix factors (bHLH),Superclass: Basic domains
c-Myc(bHLH)/LNCAP-cMyc-ChIP-Seq(Unpublished),Subfamily: Myc / Max factors | CACGTG,Family: bHLH-ZIP factors | CACATG,Class: Basic helix-loop-helix factors (bHLH),Superclass: Basic domains
Srebf1+M0188,Subfamily: SREBP factors | ATCACCCCAC,Family: bHLH-ZIP factors | CACATG,Class: Basic helix-loop-helix factors (bHLH),Superclass: Basic domains
Srebp2(bHLH),Subfamily: SREBP factors | ATCACCCCAC,Family: bHLH-ZIP factors | CACATG,Class: Basic helix-loop-helix factors (bHLH),Superclass: Basic domains
Srebp1a(bHLH),Subfamily: SREBP factors | ATCACCCCAC,Family: bHLH-ZIP factors | CACATG,Class: Basic helix-loop-helix factors (bHLH),Superclass: Basic domains
Srebf2+M0190,Subfamily: SREBP factors | ATCACCCCAC,Family: bHLH-ZIP factors | CACATG,Class: Basic helix-loop-helix factors (bHLH),Superclass: Basic domains
TFE3(bHLH),Subfamily: TFE3-like factors | CACATG,Family: bHLH-ZIP factors | CACATG,Class: Basic helix-loop-helix factors (bHLH),Superclass: Basic domains
MITF(bHLH),Subfamily: TFE3-like factors | CACATG,Family: bHLH-ZIP factors | CACATG,Class: Basic helix-loop-helix factors (bHLH),Superclass: Basic domains
Tcfec+M0201,Subfamily: TFE3-like factors | CACATG,Family: bHLH-ZIP factors | CACATG,Class: Basic helix-loop-helix factors (bHLH),Superclass: Basic domains
Tcfeb+M0193,Subfamily: TFE3-like factors | CACATG,Family: bHLH-ZIP factors | CACATG,Class: Basic helix-loop-helix factors (bHLH),Superclass: Basic domains
Usf2(bHLH),Subfamily: USF factors | CACGTG,Family: bHLH-ZIP factors | CACATG,Class: Basic helix-loop-helix factors (bHLH),Superclass: Basic domains
USF1(bHLH),Subfamily: USF factors | CACGTG,Family: bHLH-ZIP factors | CACATG,Class: Basic helix-loop-helix factors (bHLH),Superclass: Basic domains
ERF1(AP2EREBP),,Family: AP-2 | GCCTGAGGC,Class: Basic helix-span-helix factors (bHSH),Superclass: Basic domains
Atf4(bZIP),,Family: ATF-4-related factors | TGACGTCA,Class: Basic leucine zipper factors (bZIP),Superclass: Basic domains
BATF(bZIP),,Family: B-ATF-related factors | TGAGTCA,Class: Basic leucine zipper factors (bZIP),Superclass: Basic domains
BATF3+M5302,,Family: B-ATF-related factors | TGAGTCA,Class: Basic leucine zipper factors (bZIP),Superclass: Basic domains
Cebpa+M0304,Subfamily: C/EBP | ATTGCGCAAT,Family: C/EBP-related | ATTGCGCAAT,Class: Basic leucine zipper factors (bZIP),Superclass: Basic domains
CEBP(bZIP),Subfamily: C/EBP | ATTGCGCAAT,Family: C/EBP-related | ATTGCGCAAT,Class: Basic leucine zipper factors (bZIP),Superclass: Basic domains
Cebpe+M0310,Subfamily: C/EBP | ATTGCGCAAT,Family: C/EBP-related | ATTGCGCAAT,Class: Basic leucine zipper factors (bZIP),Superclass: Basic domains
Cebpb+M5995,Subfamily: C/EBP | ATTGCGCAAT,Family: C/EBP-related | ATTGCGCAAT,Class: Basic leucine zipper factors (bZIP),Superclass: Basic domains
Cebpg+M0313,Subfamily: C/EBP | ATTGCGCAAT,Family: C/EBP-related | ATTGCGCAAT,Class: Basic leucine zipper factors (bZIP),Superclass: Basic domains
Chop(bZIP),Subfamily: C/EBP | ATTGCGCAAT,Family: C/EBP-related | ATTGCGCAAT,Class: Basic leucine zipper factors (bZIP),Superclass: Basic domains
Cebpd+M0274,Subfamily: C/EBP | ATTGCGCAAT,Family: C/EBP-related | ATTGCGCAAT,Class: Basic leucine zipper factors (bZIP),Superclass: Basic domains
Tef+M0293,Subfamily: PAR factors | TTATGCAA,Family: C/EBP-related | ATTGCGCAAT,Class: Basic leucine zipper factors (bZIP),Superclass: Basic domains
NFIL3(bZIP),Subfamily: PAR factors | TTATGCAA,Family: C/EBP-related | ATTGCGCAAT,Class: Basic leucine zipper factors (bZIP),Superclass: Basic domains
Dbp+M5999,Subfamily: PAR factors | TTATGCAA,Family: C/EBP-related | ATTGCGCAAT,Class: Basic leucine zipper factors (bZIP),Superclass: Basic domains
HLF(bZIP),Subfamily: PAR factors | TTATGCAA,Family: C/EBP-related | ATTGCGCAAT,Class: Basic leucine zipper factors (bZIP),Superclass: Basic domains
Atf6+M2978,Subfamily: ATF-6 factors | TGACGTGG,Family: CREB-related factors | TGACGTCA,Class: Basic leucine zipper factors (bZIP),Superclass: Basic domains
Creb3l2+M0305,Subfamily: CREB-3-like factors | TGACGTCA,Family: CREB-related factors | TGACGTCA,Class: Basic leucine zipper factors (bZIP),Superclass: Basic domains
Creb3l3+M5323,Subfamily: CREB-3-like factors | TGACGTCA,Family: CREB-related factors | TGACGTCA,Class: Basic leucine zipper factors (bZIP),Superclass: Basic domains
Creb1+M0297,Subfamily: CREB-like factors | TGACGTCA,Family: CREB-related factors | TGACGTCA,Class: Basic leucine zipper factors (bZIP),Superclass: Basic domains
Crem+M0319,Subfamily: CREB-like factors | TGACGTCA,Family: CREB-related factors | TGACGTCA,Class: Basic leucine zipper factors (bZIP),Superclass: Basic domains
Atf1(bZIP),Subfamily: CREB-like factors | TGACGTCA,Family: CREB-related factors | TGACGTCA,Class: Basic leucine zipper factors (bZIP),Superclass: Basic domains
Crebzf+M0307,Subfamily: CREBZF-like factors | TGACGTCA,Family: CREB-related factors | TGACGTCA,Class: Basic leucine zipper factors (bZIP),Superclass: Basic domains
Jdp2+M0302,Subfamily: ATF-3-like factors | TGACGTCA,Family: Fos-related factors | (TGAGTCA),Class: Basic leucine zipper factors (bZIP),Superclass: Basic domains
Atf3(bZIP),Subfamily: ATF-3-like factors | TGACGTCA,Family: Fos-related factors | (TGAGTCA),Class: Basic leucine zipper factors (bZIP),Superclass: Basic domains
Fra2(bZIP),Subfamily: Fos factors | (TGAGTCA),Family: Fos-related factors | (TGAGTCA),Class: Basic leucine zipper factors (bZIP),Superclass: Basic domains
Fosl2(bZIP),Subfamily: Fos factors | (TGAGTCA),Family: Fos-related factors | (TGAGTCA),Class: Basic leucine zipper factors (bZIP),Superclass: Basic domains
Fos+M2278,Subfamily: Fos factors | (TGAGTCA),Family: Fos-related factors | (TGAGTCA),Class: Basic leucine zipper factors (bZIP),Superclass: Basic domains
Fosb+M6228,Subfamily: Fos factors | (TGAGTCA),Family: Fos-related factors | (TGAGTCA),Class: Basic leucine zipper factors (bZIP),Superclass: Basic domains
Fosl1+M0296,Subfamily: Fos factors | (TGAGTCA),Family: Fos-related factors | (TGAGTCA),Class: Basic leucine zipper factors (bZIP),Superclass: Basic domains
Fra1(bZIP),Subfamily: Fos factors | (TGAGTCA),Family: Fos-related factors | (TGAGTCA),Class: Basic leucine zipper factors (bZIP),Superclass: Basic domains
Atf7(bZIP),Subfamily: ATF-2-like factors | TGACGTCA,Family: Jun-related factors | TGAGTCA,Class: Basic leucine zipper factors (bZIP),Superclass: Basic domains
Atf2(bZIP),Subfamily: ATF-2-like factors | TGACGTCA,Family: Jun-related factors | TGAGTCA,Class: Basic leucine zipper factors (bZIP),Superclass: Basic domains
JunB(bZIP),Subfamily: Jun factors | TGAGTCA,Family: Jun-related factors | TGAGTCA,Class: Basic leucine zipper factors (bZIP),Superclass: Basic domains
JunD(bZIP),Subfamily: Jun factors | TGAGTCA,Family: Jun-related factors | TGAGTCA,Class: Basic leucine zipper factors (bZIP),Superclass: Basic domains
Jun+M0311,Subfamily: Jun factors | TGAGTCA,Family: Jun-related factors | TGAGTCA,Class: Basic leucine zipper factors (bZIP),Superclass: Basic domains
AP-1(bZIP),Subfamily: Jun factors | TGAGTCA,Family: Jun-related factors | TGAGTCA,Class: Basic leucine zipper factors (bZIP),Superclass: Basic domains
Nfe2l1+M4030,Subfamily: NF-E2-like factors | GCTGAGTCA,Family: Jun-related factors | TGAGTCA,Class: Basic leucine zipper factors (bZIP),Superclass: Basic domains
Bach1(bZIP),Subfamily: NF-E2-like factors | GCTGAGTCA,Family: Jun-related factors | TGAGTCA,Class: Basic leucine zipper factors (bZIP),Superclass: Basic domains
NFE2L2(bZIP),Subfamily: NF-E2-like factors | GCTGAGTCA,Family: Jun-related factors | TGAGTCA,Class: Basic leucine zipper factors (bZIP),Superclass: Basic domains
Nfe2+M3617,Subfamily: NF-E2-like factors | GCTGAGTCA,Family: Jun-related factors | TGAGTCA,Class: Basic leucine zipper factors (bZIP),Superclass: Basic domains
NF-E2(bZIP),Subfamily: NF-E2-like factors | GCTGAGTCA,Family: Jun-related factors | TGAGTCA,Class: Basic leucine zipper factors (bZIP),Superclass: Basic domains
Bach2(bZIP),Subfamily: NF-E2-like factors | GCTGAGTCA,Family: Jun-related factors | TGAGTCA,Class: Basic leucine zipper factors (bZIP),Superclass: Basic domains
Nrf2(bZIP),Subfamily: NF-E2-like factors | GCTGAGTCA,Family: Jun-related factors | TGAGTCA,Class: Basic leucine zipper factors (bZIP),Superclass: Basic domains
MafB(bZIP),Subfamily: Large Maf factors | TGCTGACTCAGCA,Family: Maf-related factors | TGCTGACTCAGCA,Class: Basic leucine zipper factors (bZIP),Superclass: Basic domains
Nrl+M5689,Subfamily: Large Maf factors | TGCTGACTCAGCA,Family: Maf-related factors | TGCTGACTCAGCA,Class: Basic leucine zipper factors (bZIP),Superclass: Basic domains
MafA(bZIP),Subfamily: Large Maf factors | TGCTGACTCAGCA,Family: Maf-related factors | TGCTGACTCAGCA,Class: Basic leucine zipper factors (bZIP),Superclass: Basic domains
MafK(bZIP),Subfamily: Small Maf factors | TGCTGACTCAGCA,Family: Maf-related factors | TGCTGACTCAGCA,Class: Basic leucine zipper factors (bZIP),Superclass: Basic domains
MafF(bZIP),Subfamily: Small Maf factors | TGCTGACTCAGCA,Family: Maf-related factors | TGCTGACTCAGCA,Class: Basic leucine zipper factors (bZIP),Superclass: Basic domains
Mafg+M0308,Subfamily: Small Maf factors | TGCTGACTCAGCA,Family: Maf-related factors | TGCTGACTCAGCA,Class: Basic leucine zipper factors (bZIP),Superclass: Basic domains
Xbp1+M0291,,Family: XBP-1-related factors | GGATGACGTGTACA,Class: Basic leucine zipper factors (bZIP),Superclass: Basic domains
Arid2+M1536,Subfamily: ARID2,Family: ARID-related factors,Class: ARID domain factors,Superclass: Helix-turn-helix domains
Arid3a+M1967,Subfamily: ARID3,Family: ARID-related factors,Class: ARID domain factors,Superclass: Helix-turn-helix domains
Arid3c+M0105,Subfamily: ARID3,Family: ARID-related factors,Class: ARID domain factors,Superclass: Helix-turn-helix domains
Tfdp1+M6515,Subfamily: Dp-1,Family: E2F-related factors,Class: Fork head / winged helix factors,Superclass: Helix-turn-helix domains
E2F7(E2F),Subfamily: E2F,Family: E2F-related factors,Class: Fork head / winged helix factors,Superclass: Helix-turn-helix domains
E2F3(E2F),Subfamily: E2F,Family: E2F-related factors,Class: Fork head / winged helix factors,Superclass: Helix-turn-helix domains
E2f2+M0670,Subfamily: E2F,Family: E2F-related factors,Class: Fork head / winged helix factors,Superclass: Helix-turn-helix domains
E2F1(E2F),Subfamily: E2F,Family: E2F-related factors,Class: Fork head / winged helix factors,Superclass: Helix-turn-helix domains
E2F4(E2F),Subfamily: E2F,Family: E2F-related factors,Class: Fork head / winged helix factors,Superclass: Helix-turn-helix domains
E2F6(E2F),Subfamily: E2F,Family: E2F-related factors,Class: Fork head / winged helix factors,Superclass: Helix-turn-helix domains
E2f5+M6194,Subfamily: E2F,Family: E2F-related factors,Class: Fork head / winged helix factors,Superclass: Helix-turn-helix domains
Foxa2(Forkhead),Subfamily: FOXA | TGTTTGTTT,Family: Forkhead box (FOX) factors | TGTTT,Class: Fork head / winged helix factors,Superclass: Helix-turn-helix domains
Foxa3(Forkhead),Subfamily: FOXA | TGTTTGTTT,Family: Forkhead box (FOX) factors | TGTTT,Class: Fork head / winged helix factors,Superclass: Helix-turn-helix domains
FOXA1(Forkhead),Subfamily: FOXA | TGTTTGTTT,Family: Forkhead box (FOX) factors | TGTTT,Class: Fork head / winged helix factors,Superclass: Helix-turn-helix domains
Foxb1+M0737,Subfamily: FOXB,Family: Forkhead box (FOX) factors | TGTTT,Class: Fork head / winged helix factors,Superclass: Helix-turn-helix domains
Foxd1+M3296,Subfamily: FOXD | TGTTTACTTAAG,Family: Forkhead box (FOX) factors | TGTTT,Class: Fork head / winged helix factors,Superclass: Helix-turn-helix domains
Foxd2+M1863,Subfamily: FOXD | TGTTTACTTAAG,Family: Forkhead box (FOX) factors | TGTTT,Class: Fork head / winged helix factors,Superclass: Helix-turn-helix domains
Foxe1+M1873,Subfamily: FOXE,Family: Forkhead box (FOX) factors | TGTTT,Class: Fork head / winged helix factors,Superclass: Helix-turn-helix domains
Foxf1(Forkhead),Subfamily: FOXF | TGTTTATATG,Family: Forkhead box (FOX) factors | TGTTT,Class: Fork head / winged helix factors,Superclass: Helix-turn-helix domains
Foxg1+M0723,Subfamily: FOXG | TTTGTTTTT,Family: Forkhead box (FOX) factors | TGTTT,Class: Fork head / winged helix factors,Superclass: Helix-turn-helix domains
Foxi3+M1874,Subfamily: FOXI | TGTTTGTTTA,Family: Forkhead box (FOX) factors | TGTTT,Class: Fork head / winged helix factors,Superclass: Helix-turn-helix domains
Foxj2+M0721,Subfamily: FOXJ | TGTTTGTTTA,Family: Forkhead box (FOX) factors | TGTTT,Class: Fork head / winged helix factors,Superclass: Helix-turn-helix domains
Foxj1+M0728,Subfamily: FOXJ | TGTTTGTTTA,Family: Forkhead box (FOX) factors | TGTTT,Class: Fork head / winged helix factors,Superclass: Helix-turn-helix domains
Foxj3+M0726,Subfamily: FOXJ | TGTTTGTTTA,Family: Forkhead box (FOX) factors | TGTTT,Class: Fork head / winged helix factors,Superclass: Helix-turn-helix domains
FOXK2(Forkhead),Subfamily: FOXK | TTGTTTAC,Family: Forkhead box (FOX) factors | TGTTT,Class: Fork head / winged helix factors,Superclass: Helix-turn-helix domains
FOXK1(Forkhead),Subfamily: FOXK | TTGTTTAC,Family: Forkhead box (FOX) factors | TGTTT,Class: Fork head / winged helix factors,Superclass: Helix-turn-helix domains
Foxl1+M0747,Subfamily: FOXL | TGTTTATGT,Family: Forkhead box (FOX) factors | TGTTT,Class: Fork head / winged helix factors,Superclass: Helix-turn-helix domains
FoxL2(Forkhead),Subfamily: FOXL | TGTTTATGT,Family: Forkhead box (FOX) factors | TGTTT,Class: Fork head / winged helix factors,Superclass: Helix-turn-helix domains
FOXM1(Forkhead),Subfamily: FOXM | CTGTTTAT,Family: Forkhead box (FOX) factors | TGTTT,Class: Fork head / winged helix factors,Superclass: Helix-turn-helix domains
Foxo3(Forkhead),Subfamily: FOXO | TTGTTTAC,Family: Forkhead box (FOX) factors | TGTTT,Class: Fork head / winged helix factors,Superclass: Helix-turn-helix domains
Foxo4+M0730,Subfamily: FOXO | TTGTTTAC,Family: Forkhead box (FOX) factors | TGTTT,Class: Fork head / winged helix factors,Superclass: Helix-turn-helix domains
Foxo6+M0735,Subfamily: FOXO | TTGTTTAC,Family: Forkhead box (FOX) factors | TGTTT,Class: Fork head / winged helix factors,Superclass: Helix-turn-helix domains
Foxo1(Forkhead),Subfamily: FOXO | TTGTTTAC,Family: Forkhead box (FOX) factors | TGTTT,Class: Fork head / winged helix factors,Superclass: Helix-turn-helix domains
Foxp2+M0724,Subfamily: FOXP | TTGTTTCA,Family: Forkhead box (FOX) factors | TGTTT,Class: Fork head / winged helix factors,Superclass: Helix-turn-helix domains
Foxp3+M0717,Subfamily: FOXP | TTGTTTCA,Family: Forkhead box (FOX) factors | TGTTT,Class: Fork head / winged helix factors,Superclass: Helix-turn-helix domains
FOXP1(Forkhead),Subfamily: FOXP | TTGTTTCA,Family: Forkhead box (FOX) factors | TGTTT,Class: Fork head / winged helix factors,Superclass: Helix-turn-helix domains
Foxq1+M1872,Subfamily: FOXQ,Family: Forkhead box (FOX) factors | TGTTT,Class: Fork head / winged helix factors,Superclass: Helix-turn-helix domains
Foxs1+M0732,Subfamily: FOXS,Family: Forkhead box (FOX) factors | TGTTT,Class: Fork head / winged helix factors,Superclass: Helix-turn-helix domains
Rfx3+M6077,,Family: RFX-related factors,Class: Fork head / winged helix factors,Superclass: Helix-turn-helix domains
Rfx1(HTH),,Family: RFX-related factors,Class: Fork head / winged helix factors,Superclass: Helix-turn-helix domains
Rfx4+M1528,,Family: RFX-related factors,Class: Fork head / winged helix factors,Superclass: Helix-turn-helix domains
Rfx7+M1529,,Family: RFX-related factors,Class: Fork head / winged helix factors,Superclass: Helix-turn-helix domains
Rfx5(HTH),,Family: RFX-related factors,Class: Fork head / winged helix factors,Superclass: Helix-turn-helix domains
Rfx2(HTH),,Family: RFX-related factors,Class: Fork head / winged helix factors,Superclass: Helix-turn-helix domains
Rfx8+M6075,,Family: RFX-related factors,Class: Fork head / winged helix factors,Superclass: Helix-turn-helix domains
Rfx6(HTH),,Family: RFX-related factors,Class: Fork head / winged helix factors,Superclass: Helix-turn-helix domains
Isl1(Homeobox),Subfamily: ISL | ATCAATTAA,Family: HD-LIM factors | AATTAA;,Class: Homeo domain factors,Superclass: Helix-turn-helix domains
Lhx5+M0975,Subfamily: Lhx-1-like factors | TTAATTAA,Family: HD-LIM factors | AATTAA;,Class: Homeo domain factors,Superclass: Helix-turn-helix domains
Lhx1(Homeobox),Subfamily: Lhx-1-like factors | TTAATTAA,Family: HD-LIM factors | AATTAA;,Class: Homeo domain factors,Superclass: Helix-turn-helix domains
Lhx2(Homeobox),Subfamily: Lhx-2-like factors | TAATTA,Family: HD-LIM factors | AATTAA;,Class: Homeo domain factors,Superclass: Helix-turn-helix domains
Lhx9+M0932,Subfamily: Lhx-2-like factors | TAATTA,Family: HD-LIM factors | AATTAA;,Class: Homeo domain factors,Superclass: Helix-turn-helix domains
Lhx4+M6041,Subfamily: Lhx-3-like factors | TAATTA,Family: HD-LIM factors | AATTAA;,Class: Homeo domain factors,Superclass: Helix-turn-helix domains
Lhx3(Homeobox),Subfamily: Lhx-3-like factors | TAATTA,Family: HD-LIM factors | AATTAA;,Class: Homeo domain factors,Superclass: Helix-turn-helix domains
Lhx6+M0962,Subfamily: Lhx-6-like factors | CTAATTAG,Family: HD-LIM factors | AATTAA;,Class: Homeo domain factors,Superclass: Helix-turn-helix domains
Lhx8+M6042,Subfamily: Lhx-6-like factors | CTAATTAG,Family: HD-LIM factors | AATTAA;,Class: Homeo domain factors,Superclass: Helix-turn-helix domains
Lmx1a+M0960,Subfamily: Lmx | TTAATTAA,Family: HD-LIM factors | AATTAA;,Class: Homeo domain factors,Superclass: Helix-turn-helix domains
Lmx1b+M1015,Subfamily: Lmx | TTAATTAA,Family: HD-LIM factors | AATTAA;,Class: Homeo domain factors,Superclass: Helix-turn-helix domains
Six2(Homeobox),Subfamily: SIX1-like factors | GGGTATCA,Family: HD-SINE factors | GGTATCA,Class: Homeo domain factors,Superclass: Helix-turn-helix domains
Six1(Homeobox),Subfamily: SIX1-like factors | GGGTATCA,Family: HD-SINE factors | GGTATCA,Class: Homeo domain factors,Superclass: Helix-turn-helix domains
Six4(Homeobox),Subfamily: SIX4-like factors | GGTGTCA,Family: HD-SINE factors | GGTATCA,Class: Homeo domain factors,Superclass: Helix-turn-helix domains
Homez+M1057,Subfamily: ZHX | ATCGTTTT,Family: HD-ZF factors,Class: Homeo domain factors,Superclass: Helix-turn-helix domains
CDX4(Homeobox),Subfamily: CDX (Caudal type homeobox) | GGTAATAAA,Family: HOX-related factors,Class: Homeo domain factors,Superclass: Helix-turn-helix domains
Cdx2(Homeobox),Subfamily: CDX (Caudal type homeobox) | GGTAATAAA,Family: HOX-related factors,Class: Homeo domain factors,Superclass: Helix-turn-helix domains
Evx2+M0916,Subfamily: EVX (Even-skipped homolog) | CTAATTAG,Family: HOX-related factors,Class: Homeo domain factors,Superclass: Helix-turn-helix domains
Evx1+M0918,Subfamily: EVX (Even-skipped homolog) | CTAATTAG,Family: HOX-related factors,Class: Homeo domain factors,Superclass: Helix-turn-helix domains
Gbx1+M1064,Subfamily: GBX (Gastrulation brain homeobox) | CTAATTAG,Family: HOX-related factors,Class: Homeo domain factors,Superclass: Helix-turn-helix domains
Gbx2+M0995,Subfamily: GBX (Gastrulation brain homeobox) | CTAATTAG,Family: HOX-related factors,Class: Homeo domain factors,Superclass: Helix-turn-helix domains
Gsx2+M1002,Subfamily: GSX | TAATTA,Family: HOX-related factors,Class: Homeo domain factors,Superclass: Helix-turn-helix domains
Gsx1+M5502,Subfamily: GSX | TAATTA,Family: HOX-related factors,Class: Homeo domain factors,Superclass: Helix-turn-helix domains
Hoxd1+M1025,Subfamily: HOX1 | TAATTA,Family: HOX-related factors,Class: Homeo domain factors,Superclass: Helix-turn-helix domains
Hoxb2+M0887,Subfamily: HOX2 | TAATTA,Family: HOX-related factors,Class: Homeo domain factors,Superclass: Helix-turn-helix domains
HOXA2(Homeobox),Subfamily: HOX2 | TAATTA,Family: HOX-related factors,Class: Homeo domain factors,Superclass: Helix-turn-helix domains
Hoxb3+M1040,Subfamily: HOX3 | TAATTA,Family: HOX-related factors,Class: Homeo domain factors,Superclass: Helix-turn-helix domains
Hoxd3+M1071,Subfamily: HOX3 | TAATTA,Family: HOX-related factors,Class: Homeo domain factors,Superclass: Helix-turn-helix domains
Hoxa3+M1073,Subfamily: HOX3 | TAATTA,Family: HOX-related factors,Class: Homeo domain factors,Superclass: Helix-turn-helix domains
Hoxa4+M0905,Subfamily: HOX4 | TTAATTAA,Family: HOX-related factors,Class: Homeo domain factors,Superclass: Helix-turn-helix domains
Hoxb4(Homeobox),Subfamily: HOX4 | TTAATTAA,Family: HOX-related factors,Class: Homeo domain factors,Superclass: Helix-turn-helix domains
Hoxc4+M1070,Subfamily: HOX4 | TTAATTAA,Family: HOX-related factors,Class: Homeo domain factors,Superclass: Helix-turn-helix domains
Hoxc5+M0949,Subfamily: HOX5 | TAATTA,Family: HOX-related factors,Class: Homeo domain factors,Superclass: Helix-turn-helix domains
Hoxb5+M1013,Subfamily: HOX5 | TAATTA,Family: HOX-related factors,Class: Homeo domain factors,Superclass: Helix-turn-helix domains
Hoxa5+M1011,Subfamily: HOX5 | TAATTA,Family: HOX-related factors,Class: Homeo domain factors,Superclass: Helix-turn-helix domains
Hoxa7+M1010,Subfamily: HOX6-7 | TAATTA,Family: HOX-related factors,Class: Homeo domain factors,Superclass: Helix-turn-helix domains
Hoxa6+M1027,Subfamily: HOX6-7 | TAATTA,Family: HOX-related factors,Class: Homeo domain factors,Superclass: Helix-turn-helix domains
Hoxb7+M1014,Subfamily: HOX6-7 | TAATTA,Family: HOX-related factors,Class: Homeo domain factors,Superclass: Helix-turn-helix domains
Hoxc6+M0915,Subfamily: HOX6-7 | TAATTA,Family: HOX-related factors,Class: Homeo domain factors,Superclass: Helix-turn-helix domains
Hoxb8+M1055,Subfamily: HOX8 | GTAATTA,Family: HOX-related factors,Class: Homeo domain factors,Superclass: Helix-turn-helix domains
Hoxc8+M0914,Subfamily: HOX8 | GTAATTA,Family: HOX-related factors,Class: Homeo domain factors,Superclass: Helix-turn-helix domains
Hoxd8+M0964,Subfamily: HOX8 | GTAATTA,Family: HOX-related factors,Class: Homeo domain factors,Superclass: Helix-turn-helix domains
Hoxd12(Homeobox),Subfamily: HOX9-13 | TCGTAAA,Family: HOX-related factors,Class: Homeo domain factors,Superclass: Helix-turn-helix domains
Hoxd9+M6036,Subfamily: HOX9-13 | TCGTAAA,Family: HOX-related factors,Class: Homeo domain factors,Superclass: Helix-turn-helix domains
Hoxa9(Homeobox),Subfamily: HOX9-13 | TCGTAAA,Family: HOX-related factors,Class: Homeo domain factors,Superclass: Helix-turn-helix domains
Hoxc12+M1044,Subfamily: HOX9-13 | TCGTAAA,Family: HOX-related factors,Class: Homeo domain factors,Superclass: Helix-turn-helix domains
Hoxa11(Homeobox),Subfamily: HOX9-13 | TCGTAAA,Family: HOX-related factors,Class: Homeo domain factors,Superclass: Helix-turn-helix domains
Hoxd11(Homeobox),Subfamily: HOX9-13 | TCGTAAA,Family: HOX-related factors,Class: Homeo domain factors,Superclass: Helix-turn-helix domains
Hoxc9(Homeobox),Subfamily: HOX9-13 | TCGTAAA,Family: HOX-related factors,Class: Homeo domain factors,Superclass: Helix-turn-helix domains
HOXB13(Homeobox),Subfamily: HOX9-13 | TCGTAAA,Family: HOX-related factors,Class: Homeo domain factors,Superclass: Helix-turn-helix domains
Hoxd13(Homeobox),Subfamily: HOX9-13 | TCGTAAA,Family: HOX-related factors,Class: Homeo domain factors,Superclass: Helix-turn-helix domains
Hoxa10(Homeobox),Subfamily: HOX9-13 | TCGTAAA,Family: HOX-related factors,Class: Homeo domain factors,Superclass: Helix-turn-helix domains
Hoxc11+M0913,Subfamily: HOX9-13 | TCGTAAA,Family: HOX-related factors,Class: Homeo domain factors,Superclass: Helix-turn-helix domains
Hoxa13(Homeobox),Subfamily: HOX9-13 | TCGTAAA,Family: HOX-related factors,Class: Homeo domain factors,Superclass: Helix-turn-helix domains
Hoxc13+M0912,Subfamily: HOX9-13 | TCGTAAA,Family: HOX-related factors,Class: Homeo domain factors,Superclass: Helix-turn-helix domains
Hoxd10(Homeobox),Subfamily: HOX9-13 | TCGTAAA,Family: HOX-related factors,Class: Homeo domain factors,Superclass: Helix-turn-helix domains
HOXA9(Homeobox),Subfamily: HOX9-13 | TCGTAAA,Family: HOX-related factors,Class: Homeo domain factors,Superclass: Helix-turn-helix domains
Meox1+M0907,Subfamily: MEOX | TAATTA,Family: HOX-related factors,Class: Homeo domain factors,Superclass: Helix-turn-helix domains
Meox2+M6052,Subfamily: MEOX | TAATTA,Family: HOX-related factors,Class: Homeo domain factors,Superclass: Helix-turn-helix domains
Mnx1+M0911,Subfamily: MNX | ACTAATTA,Family: HOX-related factors,Class: Homeo domain factors,Superclass: Helix-turn-helix domains
Pdx1(Homeobox),Subfamily: PDX | TAATTA,Family: HOX-related factors,Class: Homeo domain factors,Superclass: Helix-turn-helix domains
Barhl2+M0993,Subfamily: BARHL | AACCAATTA,Family: NK-related factors,Class: Homeo domain factors,Superclass: Helix-turn-helix domains
Barhl1+M5990,Subfamily: BARHL | AACCAATTA,Family: NK-related factors,Class: Homeo domain factors,Superclass: Helix-turn-helix domains
Barx1(Homeobox),Subfamily: BARX | TAATTA,Family: NK-related factors,Class: Homeo domain factors,Superclass: Helix-turn-helix domains
Barx2+M0990,Subfamily: BARX | TAATTA,Family: NK-related factors,Class: Homeo domain factors,Superclass: Helix-turn-helix domains
Bsx+M1054,Subfamily: BSX | TAATTA,Family: NK-related factors,Class: Homeo domain factors,Superclass: Helix-turn-helix domains
Dbx2+M1034,Subfamily: DBX | TTAATTA,Family: NK-related factors,Class: Homeo domain factors,Superclass: Helix-turn-helix domains
Dlx1+M1024,Subfamily: DLX | TAATTA,Family: NK-related factors,Class: Homeo domain factors,Superclass: Helix-turn-helix domains
Dlx2+M6001,Subfamily: DLX | TAATTA,Family: NK-related factors,Class: Homeo domain factors,Superclass: Helix-turn-helix domains
Dlx3(Homeobox),Subfamily: DLX | TAATTA,Family: NK-related factors,Class: Homeo domain factors,Superclass: Helix-turn-helix domains
Dlx4+M0935,Subfamily: DLX | TAATTA,Family: NK-related factors,Class: Homeo domain factors,Superclass: Helix-turn-helix domains
Dlx6+M5344,Subfamily: DLX | TAATTA,Family: NK-related factors,Class: Homeo domain factors,Superclass: Helix-turn-helix domains
Dlx5+M0981,Subfamily: DLX | TAATTA,Family: NK-related factors,Class: Homeo domain factors,Superclass: Helix-turn-helix domains
Emx2+M1028,Subfamily: EMX | CTAATTAG,Family: NK-related factors,Class: Homeo domain factors,Superclass: Helix-turn-helix domains
Emx1+M0892,Subfamily: EMX | CTAATTAG,Family: NK-related factors,Class: Homeo domain factors,Superclass: Helix-turn-helix domains
En2+M6006,Subfamily: EN (Engrailed-like factors) | CTAATTAG,Family: NK-related factors,Class: Homeo domain factors,Superclass: Helix-turn-helix domains
En1+M1058,Subfamily: EN (Engrailed-like factors) | CTAATTAG,Family: NK-related factors,Class: Homeo domain factors,Superclass: Helix-turn-helix domains
Hlx+M1018,Subfamily: HLX | TAATTAATTA,Family: NK-related factors,Class: Homeo domain factors,Superclass: Helix-turn-helix domains
Lbx1+M0894,Subfamily: LBX | TTAATTAA,Family: NK-related factors,Class: Homeo domain factors,Superclass: Helix-turn-helix domains
Lbx2+M0998,Subfamily: LBX | TTAATTAA,Family: NK-related factors,Class: Homeo domain factors,Superclass: Helix-turn-helix domains
Msx2+M0940,Subfamily: MSX | ACCAATTA,Family: NK-related factors,Class: Homeo domain factors,Superclass: Helix-turn-helix domains
Msx1+M1036,Subfamily: MSX | ACCAATTA,Family: NK-related factors,Class: Homeo domain factors,Superclass: Helix-turn-helix domains
Nanog(Homeobox),Subfamily: NANOG | CCATTT,Family: NK-related factors,Class: Homeo domain factors,Superclass: Helix-turn-helix domains
Nkx1-2+M1039,Subfamily: NK-1 | CTAATTAG,Family: NK-related factors,Class: Homeo domain factors,Superclass: Helix-turn-helix domains
Nkx1-1+M1125,Subfamily: NK-1 | CTAATTAG,Family: NK-related factors,Class: Homeo domain factors,Superclass: Helix-turn-helix domains
Nkx2-4+M1052,Subfamily: NK-2.1 | CCACTTGA,Family: NK-related factors,Class: Homeo domain factors,Superclass: Helix-turn-helix domains
Nkx2.2(Homeobox),Subfamily: NK-2.2 | CCACTTGA,Family: NK-related factors,Class: Homeo domain factors,Superclass: Helix-turn-helix domains
Nkx2-9+M1060,Subfamily: NK-2.2 | CCACTTGA,Family: NK-related factors,Class: Homeo domain factors,Superclass: Helix-turn-helix domains
Nkx3-2+M1042,Subfamily: NK-3 | AAGTACTT,Family: NK-related factors,Class: Homeo domain factors,Superclass: Helix-turn-helix domains
Bapx1(Homeobox),Subfamily: NK-3 | AAGTACTT,Family: NK-related factors,Class: Homeo domain factors,Superclass: Helix-turn-helix domains
Nkx3-1+M0946,Subfamily: NK-3 | AAGTACTT,Family: NK-related factors,Class: Homeo domain factors,Superclass: Helix-turn-helix domains
Nkx3.1(Homeobox),Subfamily: NK-3 | AAGTACTT,Family: NK-related factors,Class: Homeo domain factors,Superclass: Helix-turn-helix domains
Nkx2-6+M1029,Subfamily: NK-4 | CCACTTAA,Family: NK-related factors,Class: Homeo domain factors,Superclass: Helix-turn-helix domains
Nkx2-3+M1030,Subfamily: NK-4 | CCACTTAA,Family: NK-related factors,Class: Homeo domain factors,Superclass: Helix-turn-helix domains
Nkx2-5+M2302,Subfamily: NK-4 | CCACTTAA,Family: NK-related factors,Class: Homeo domain factors,Superclass: Helix-turn-helix domains
Nkx2.5(Homeobox),Subfamily: NK-4 | CCACTTAA,Family: NK-related factors,Class: Homeo domain factors,Superclass: Helix-turn-helix domains
Hmx1+M1063,Subfamily: NK-5/HMX | AGCAATTAA,Family: NK-related factors,Class: Homeo domain factors,Superclass: Helix-turn-helix domains
Nkx6.1(Homeobox),Subfamily: NK-6 | AATAATTA,Family: NK-related factors,Class: Homeo domain factors,Superclass: Helix-turn-helix domains
Nkx6-1+M0999,Subfamily: NK-6 | AATAATTA,Family: NK-related factors,Class: Homeo domain factors,Superclass: Helix-turn-helix domains
Noto+M1065,Subfamily: NOTO,Family: NK-related factors,Class: Homeo domain factors,Superclass: Helix-turn-helix domains
Vax1+M0921,Subfamily: VAX | TAATTA,Family: NK-related factors,Class: Homeo domain factors,Superclass: Helix-turn-helix domains
Vax2+M0997,Subfamily: VAX | TAATTA,Family: NK-related factors,Class: Homeo domain factors,Superclass: Helix-turn-helix domains
Hdx+M0996,Subfamily: HDX-like factors | GAAATCA,Family: POU domain factors,Class: Homeo domain factors,Superclass: Helix-turn-helix domains
Hnf1a+M0974,Subfamily: HNF1-like factors | GTTAATGATTAAC,Family: POU domain factors,Class: Homeo domain factors,Superclass: Helix-turn-helix domains
Hmbox1+M0945,Subfamily: HNF1-like factors | GTTAATGATTAAC,Family: POU domain factors,Class: Homeo domain factors,Superclass: Helix-turn-helix domains
Pit1+1bp(Homeobox),Subfamily: POU1 (Pit-1-like factors) | TAATTAATTA,Family: POU domain factors,Class: Homeo domain factors,Superclass: Helix-turn-helix domains
Pit1(Homeobox),Subfamily: POU1 (Pit-1-like factors) | TAATTAATTA,Family: POU domain factors,Class: Homeo domain factors,Superclass: Helix-turn-helix domains
Pou1f1+M1233,Subfamily: POU1 (Pit-1-like factors) | TAATTAATTA,Family: POU domain factors,Class: Homeo domain factors,Superclass: Helix-turn-helix domains
Pou2f2+M6063,Subfamily: POU2 (Oct-1/2-like factors) | TATGCAAAT,Family: POU domain factors,Class: Homeo domain factors,Superclass: Helix-turn-helix domains
Pou2f3+M0989,Subfamily: POU2 (Oct-1/2-like factors) | TATGCAAAT,Family: POU domain factors,Class: Homeo domain factors,Superclass: Helix-turn-helix domains
Pou2f1+M1236,Subfamily: POU2 (Oct-1/2-like factors) | TATGCAAAT,Family: POU domain factors,Class: Homeo domain factors,Superclass: Helix-turn-helix domains
"Oct2(POU,Homeobox)",Subfamily: POU2 (Oct-1/2-like factors) | TATGCAAAT,Family: POU domain factors,Class: Homeo domain factors,Superclass: Helix-turn-helix domains
"Brn1(POU,Homeobox)",Subfamily: POU3 (Oct-6-like factors) | TAATTAATTA,Family: POU domain factors,Class: Homeo domain factors,Superclass: Helix-turn-helix domains
Pou3f4+M1056,Subfamily: POU3 (Oct-6-like factors) | TAATTAATTA,Family: POU domain factors,Class: Homeo domain factors,Superclass: Helix-turn-helix domains
Pou3f3+M1033,Subfamily: POU3 (Oct-6-like factors) | TAATTAATTA,Family: POU domain factors,Class: Homeo domain factors,Superclass: Helix-turn-helix domains
"Oct6(POU,Homeobox)",Subfamily: POU3 (Oct-6-like factors) | TAATTAATTA,Family: POU domain factors,Class: Homeo domain factors,Superclass: Helix-turn-helix domains
Pou3f2+M1051,Subfamily: POU3 (Oct-6-like factors) | TAATTAATTA,Family: POU domain factors,Class: Homeo domain factors,Superclass: Helix-turn-helix domains
Pou3f1+M1239,Subfamily: POU3 (Oct-6-like factors) | TAATTAATTA,Family: POU domain factors,Class: Homeo domain factors,Superclass: Helix-turn-helix domains
Pou4f3+M0953,Subfamily: POU4 (Brn-3-like factors) | ATTAATGA,Family: POU domain factors,Class: Homeo domain factors,Superclass: Helix-turn-helix domains
"Oct4(POU,Homeobox)",Subfamily: POU5 (Oct-3/4-like factors),Family: POU domain factors,Class: Homeo domain factors,Superclass: Helix-turn-helix domains
Pou5f1+M6133,Subfamily: POU5 (Oct-3/4-like factors),Family: POU domain factors,Class: Homeo domain factors,Superclass: Helix-turn-helix domains
Pou6f2+M5746,Subfamily: POU6 (Brn-5-like factors) | TAATGAG,Family: POU domain factors,Class: Homeo domain factors,Superclass: Helix-turn-helix domains
Pou6f1+M0925,Subfamily: POU6 (Brn-5-like factors) | TAATGAG,Family: POU domain factors,Class: Homeo domain factors,Superclass: Helix-turn-helix domains
Alx3+M0928,Subfamily: ALX | TTAATTAA,Family: Paired-related HD factors,Class: Homeo domain factors,Superclass: Helix-turn-helix domains
Hesx1+M1166,Subfamily: HESX | TAATTGAATTA,Family: Paired-related HD factors,Class: Homeo domain factors,Superclass: Helix-turn-helix domains
Isx+M0984,Subfamily: ISX | CTAATTAG,Family: Paired-related HD factors,Class: Homeo domain factors,Superclass: Helix-turn-helix domains
Otp+M0943,Subfamily: OTP | TTAATTAA,Family: Paired-related HD factors,Class: Homeo domain factors,Superclass: Helix-turn-helix domains
Prrx1+M0959,Subfamily: PRRX | GCTAATTAGC,Family: Paired-related HD factors,Class: Homeo domain factors,Superclass: Helix-turn-helix domains
Prrx2+M1902,Subfamily: PRRX | GCTAATTAGC,Family: Paired-related HD factors,Class: Homeo domain factors,Superclass: Helix-turn-helix domains
Rax+M0954,Subfamily: RAX | CTAATTAG,Family: Paired-related HD factors,Class: Homeo domain factors,Superclass: Helix-turn-helix domains
Sebox+M0906,Subfamily: SEBOX,Family: Paired-related HD factors,Class: Homeo domain factors,Superclass: Helix-turn-helix domains
Shox2+M6082,Subfamily: SHOX | TTAATTAA,Family: Paired-related HD factors,Class: Homeo domain factors,Superclass: Helix-turn-helix domains
Uncx+M0972,Subfamily: UNCX | TTAATTAA,Family: Paired-related HD factors,Class: Homeo domain factors,Superclass: Helix-turn-helix domains
Vsx1+M6110,Subfamily: VSX | TTAATTAA,Family: Paired-related HD factors,Class: Homeo domain factors,Superclass: Helix-turn-helix domains
Vsx2+M3059,Subfamily: VSX | TTAATTAA,Family: Paired-related HD factors,Class: Homeo domain factors,Superclass: Helix-turn-helix domains
Irx1+M6037,Subfamily: IRX (Iroquois) | TACATGTA,Family: TALE-type homeo domain factors,Class: Homeo domain factors,Superclass: Helix-turn-helix domains
Meis2+M6048,Subfamily: MEIS | AGCTGTCAA,Family: TALE-type homeo domain factors,Class: Homeo domain factors,Superclass: Helix-turn-helix domains
Meis1(Homeobox),Subfamily: MEIS | AGCTGTCAA,Family: TALE-type homeo domain factors,Class: Homeo domain factors,Superclass: Helix-turn-helix domains
Meis3+M6051,Subfamily: MEIS | AGCTGTCAA,Family: TALE-type homeo domain factors,Class: Homeo domain factors,Superclass: Helix-turn-helix domains
PBX1(Homeobox),Subfamily: PBX | CATCAAT,Family: TALE-type homeo domain factors,Class: Homeo domain factors,Superclass: Helix-turn-helix domains
PBX2(Homeobox),Subfamily: PBX | CATCAAT,Family: TALE-type homeo domain factors,Class: Homeo domain factors,Superclass: Helix-turn-helix domains
Pbx3(Homeobox),Subfamily: PBX | CATCAAT,Family: TALE-type homeo domain factors,Class: Homeo domain factors,Superclass: Helix-turn-helix domains
Pknox2+M6062,Subfamily: PKNOX | ACCTGTCAAT,Family: TALE-type homeo domain factors,Class: Homeo domain factors,Superclass: Helix-turn-helix domains
Pknox1(Homeobox),Subfamily: PKNOX | ACCTGTCAAT,Family: TALE-type homeo domain factors,Class: Homeo domain factors,Superclass: Helix-turn-helix domains
Tgif2(Homeobox),Subfamily: TGIF | AGCTGTCAAT,Family: TALE-type homeo domain factors,Class: Homeo domain factors,Superclass: Helix-turn-helix domains
Tgif1(Homeobox),Subfamily: TGIF | AGCTGTCAAT,Family: TALE-type homeo domain factors,Class: Homeo domain factors,Superclass: Helix-turn-helix domains
"Pax8(Paired,Homeobox)",Subfamily: PAX-2-like factors (partial homeobox) | GTCATGCGTGA,Family: Paired domain only,Class: Paired box factors,Superclass: Helix-turn-helix domains
"PAX5(Paired,Homeobox),condensed",Subfamily: PAX-2-like factors (partial homeobox) | GTCATGCGTGA,Family: Paired domain only,Class: Paired box factors,Superclass: Helix-turn-helix domains
Pax2+M1895,Subfamily: PAX-2-like factors (partial homeobox) | GTCATGCGTGA,Family: Paired domain only,Class: Paired box factors,Superclass: Helix-turn-helix domains
"PAX5(Paired,Homeobox)",Subfamily: PAX-2-like factors (partial homeobox) | GTCATGCGTGA,Family: Paired domain only,Class: Paired box factors,Superclass: Helix-turn-helix domains
Pax3+M3713,Subfamily: PAX-3/7 | CTAATTAG,Family: Paired plus homeo domain | CTAATTAG,Class: Paired box factors,Superclass: Helix-turn-helix domains
Pax4+M1896,Subfamily: PAX-4/6 | CTAATTAG,Family: Paired plus homeo domain | CTAATTAG,Class: Paired box factors,Superclass: Helix-turn-helix domains
ELF3(ETS),Subfamily: EHF-like factors | CCGGAAGT,Family: Ets-related factors | GGAAG,Class: Tryptophan cluster factors,Superclass: Helix-turn-helix domains
ESE3(AP2EREBP),Subfamily: EHF-like factors | CCGGAAGT,Family: Ets-related factors | GGAAG,Class: Tryptophan cluster factors,Superclass: Helix-turn-helix domains
ESE1(AP2EREBP),Subfamily: EHF-like factors | CCGGAAGT,Family: Ets-related factors | GGAAG,Class: Tryptophan cluster factors,Superclass: Helix-turn-helix domains
ELF5(ETS),Subfamily: EHF-like factors | CCGGAAGT,Family: Ets-related factors | GGAAG,Class: Tryptophan cluster factors,Superclass: Helix-turn-helix domains
EHF(ETS),Subfamily: EHF-like factors | CCGGAAGT,Family: Ets-related factors | GGAAG,Class: Tryptophan cluster factors,Superclass: Helix-turn-helix domains
Etv6+M0705,Subfamily: ETV6-like factors | CCCGGAAGT,Family: Ets-related factors | GGAAG,Class: Tryptophan cluster factors,Superclass: Helix-turn-helix domains
ELF1(ETS),Subfamily: Elf-1-like factors | CCGGAAAT,Family: Ets-related factors | GGAAG,Class: Tryptophan cluster factors,Superclass: Helix-turn-helix domains
Elf4(ETS),Subfamily: Elf-1-like factors | CCGGAAAT,Family: Ets-related factors | GGAAG,Class: Tryptophan cluster factors,Superclass: Helix-turn-helix domains
Elf2+M0708,Subfamily: Elf-1-like factors | CCGGAAAT,Family: Ets-related factors | GGAAG,Class: Tryptophan cluster factors,Superclass: Helix-turn-helix domains
Elk3+M0692,Subfamily: Elk-like factors | CCGGAAG,Family: Ets-related factors | GGAAG,Class: Tryptophan cluster factors,Superclass: Helix-turn-helix domains
Elk1(ETS),Subfamily: Elk-like factors | CCGGAAG,Family: Ets-related factors | GGAAG,Class: Tryptophan cluster factors,Superclass: Helix-turn-helix domains
ETV1(ETS),Subfamily: Elk-like factors | CCGGAAG,Family: Ets-related factors | GGAAG,Class: Tryptophan cluster factors,Superclass: Helix-turn-helix domains
ETV4(ETS),Subfamily: Elk-like factors | CCGGAAG,Family: Ets-related factors | GGAAG,Class: Tryptophan cluster factors,Superclass: Helix-turn-helix domains
Fev+M5429,Subfamily: Ets-like factors | CCGGAAG,Family: Ets-related factors | GGAAG,Class: Tryptophan cluster factors,Superclass: Helix-turn-helix domains
GABPA(ETS),Subfamily: Ets-like factors | CCGGAAG,Family: Ets-related factors | GGAAG,Class: Tryptophan cluster factors,Superclass: Helix-turn-helix domains
Etv3+M0689,Subfamily: Ets-like factors | CCGGAAG,Family: Ets-related factors | GGAAG,Class: Tryptophan cluster factors,Superclass: Helix-turn-helix domains
Etv2(ETS),Subfamily: Ets-like factors | CCGGAAG,Family: Ets-related factors | GGAAG,Class: Tryptophan cluster factors,Superclass: Helix-turn-helix domains
Fli1(ETS),Subfamily: Ets-like factors | CCGGAAG,Family: Ets-related factors | GGAAG,Class: Tryptophan cluster factors,Superclass: Helix-turn-helix domains
Erf+M5398,Subfamily: Ets-like factors | CCGGAAG,Family: Ets-related factors | GGAAG,Class: Tryptophan cluster factors,Superclass: Helix-turn-helix domains
ERG(ETS),Subfamily: Ets-like factors | CCGGAAG,Family: Ets-related factors | GGAAG,Class: Tryptophan cluster factors,Superclass: Helix-turn-helix domains
ETS1(ETS),Subfamily: Ets-like factors | CCGGAAG,Family: Ets-related factors | GGAAG,Class: Tryptophan cluster factors,Superclass: Helix-turn-helix domains
SPDEF(ETS),Subfamily: SPDEF-like factors | CCGGATGT,Family: Ets-related factors | GGAAG,Class: Tryptophan cluster factors,Superclass: Helix-turn-helix domains
Spic+M6096,Subfamily: Spi-like factors | AGAGGAAG,Family: Ets-related factors | GGAAG,Class: Tryptophan cluster factors,Superclass: Helix-turn-helix domains
SpiB(ETS),Subfamily: Spi-like factors | AGAGGAAG,Family: Ets-related factors | GGAAG,Class: Tryptophan cluster factors,Superclass: Helix-turn-helix domains
PU.1(ETS),Subfamily: Spi-like factors | AGAGGAAG,Family: Ets-related factors | GGAAG,Class: Tryptophan cluster factors,Superclass: Helix-turn-helix domains
Sfpi1+M1907,Subfamily: Spi-like factors | AGAGGAAG,Family: Ets-related factors | GGAAG,Class: Tryptophan cluster factors,Superclass: Helix-turn-helix domains
IRF1(IRF),,Family: Interferon-regulatory factors | AAGTGAA,Class: Tryptophan cluster factors,Superclass: Helix-turn-helix domains
IRF3(IRF),,Family: Interferon-regulatory factors | AAGTGAA,Class: Tryptophan cluster factors,Superclass: Helix-turn-helix domains
IRF2(IRF),,Family: Interferon-regulatory factors | AAGTGAA,Class: Tryptophan cluster factors,Superclass: Helix-turn-helix domains
Irf5+M1267,,Family: Interferon-regulatory factors | AAGTGAA,Class: Tryptophan cluster factors,Superclass: Helix-turn-helix domains
Irf7+M1265,,Family: Interferon-regulatory factors | AAGTGAA,Class: Tryptophan cluster factors,Superclass: Helix-turn-helix domains
IRF4(IRF),,Family: Interferon-regulatory factors | AAGTGAA,Class: Tryptophan cluster factors,Superclass: Helix-turn-helix domains
Irf6+M1266,,Family: Interferon-regulatory factors | AAGTGAA,Class: Tryptophan cluster factors,Superclass: Helix-turn-helix domains
Irf9+M1262,,Family: Interferon-regulatory factors | AAGTGAA,Class: Tryptophan cluster factors,Superclass: Helix-turn-helix domains
IRF8(IRF),,Family: Interferon-regulatory factors | AAGTGAA,Class: Tryptophan cluster factors,Superclass: Helix-turn-helix domains
Mybl2+M1355,Subfamily: Myb-like factors | CAGTTG,Family: Myb/SANT domain factors,Class: Tryptophan cluster factors,Superclass: Helix-turn-helix domains
AMYB(HTH),Subfamily: Myb-like factors | CAGTTG,Family: Myb/SANT domain factors,Class: Tryptophan cluster factors,Superclass: Helix-turn-helix domains
Mybl1+M1357,Subfamily: Myb-like factors | CAGTTG,Family: Myb/SANT domain factors,Class: Tryptophan cluster factors,Superclass: Helix-turn-helix domains
MYB(HTH),Subfamily: Myb-like factors | CAGTTG,Family: Myb/SANT domain factors,Class: Tryptophan cluster factors,Superclass: Helix-turn-helix domains
BMYB(HTH),Subfamily: Myb-like factors | CAGTTG,Family: Myb/SANT domain factors,Class: Tryptophan cluster factors,Superclass: Helix-turn-helix domains
Smarcc2+M4527,Subfamily: TADA2-like factors,Family: Myb/SANT domain factors,Class: Tryptophan cluster factors,Superclass: Helix-turn-helix domains
GRHL2(CP2),Subfamily: GRH-like proteins,Family: Grainyhead-related factors,Class: Grainyhead domain factors,Superclass: Immunoglobulin fold
CBF1(AP2EREBP),Subfamily: M | CGTGGGAA,Family: CSL-related factors | CGTGGGAA,Class: Rel homology region (RHR) factors,Superclass: Immunoglobulin fold
Cbf1(bHLH),Subfamily: M | CGTGGGAA,Family: CSL-related factors | CGTGGGAA,Class: Rel homology region (RHR) factors,Superclass: Immunoglobulin fold
Nfkb2+M5669,Subfamily: NF-kappaB p50 subunit-like factors | GGGAATTTCC,Family: NF-kappaB-related factors,Class: Rel homology region (RHR) factors,Superclass: Immunoglobulin fold
Nfkb1+M4444,Subfamily: NF-kappaB p50 subunit-like factors | GGGAATTTCC,Family: NF-kappaB-related factors,Class: Rel homology region (RHR) factors,Superclass: Immunoglobulin fold
Rela+M6137,Subfamily: NF-kappaB p65 subunit-like factors | GAAAATTTCC,Family: NF-kappaB-related factors,Class: Rel homology region (RHR) factors,Superclass: Immunoglobulin fold
Rel+M1924,Subfamily: NF-kappaB p65 subunit-like factors | GAAAATTTCC,Family: NF-kappaB-related factors,Class: Rel homology region (RHR) factors,Superclass: Immunoglobulin fold
Nfatc2+M1518,,Family: NFAT-related factors | ATGGAAA,Class: Rel homology region (RHR) factors,Superclass: Immunoglobulin fold
Nfatc1+M1521,,Family: NFAT-related factors | ATGGAAA,Class: Rel homology region (RHR) factors,Superclass: Immunoglobulin fold
Nfat5+M1519,,Family: NFAT-related factors | ATGGAAA,Class: Rel homology region (RHR) factors,Superclass: Immunoglobulin fold
Nfatc3+M1517,,Family: NFAT-related factors | ATGGAAA,Class: Rel homology region (RHR) factors,Superclass: Immunoglobulin fold
RUNX1(Runt),,Family: Runt-related factors | TGTGGT,Class: Runt domain factors,Superclass: Immunoglobulin fold
RUNX3+M5791,,Family: Runt-related factors | TGTGGT,Class: Runt domain factors,Superclass: Immunoglobulin fold
RUNX2(Runt),,Family: Runt-related factors | TGTGGT,Class: Runt domain factors,Superclass: Immunoglobulin fold
Stat3(Stat),,Family: STAT factors | TTCCCGGAA,Class: STAT domain factors,Superclass: Immunoglobulin fold
Stat2+M4635,,Family: STAT factors | TTCCCGGAA,Class: STAT domain factors,Superclass: Immunoglobulin fold
STAT6(Stat),,Family: STAT factors | TTCCCGGAA,Class: STAT domain factors,Superclass: Immunoglobulin fold
STAT4(Stat),,Family: STAT factors | TTCCCGGAA,Class: STAT domain factors,Superclass: Immunoglobulin fold
Stat5b+M3990,,Family: STAT factors | TTCCCGGAA,Class: STAT domain factors,Superclass: Immunoglobulin fold
Stat5a+M3985,,Family: STAT factors | TTCCCGGAA,Class: STAT domain factors,Superclass: Immunoglobulin fold
STAT1(Stat),,Family: STAT factors | TTCCCGGAA,Class: STAT domain factors,Superclass: Immunoglobulin fold
STAT5(Stat),,Family: STAT factors | TTCCCGGAA,Class: STAT domain factors,Superclass: Immunoglobulin fold
Stat3+il21(Stat),,Family: STAT factors | TTCCCGGAA,Class: STAT domain factors,Superclass: Immunoglobulin fold
Tbx19+M5882,,Family: Brachyury-related factors | TCACACCTAGGTGTGAAATT,Class: T-Box factors,Superclass: Immunoglobulin fold
T+M1843,,Family: Brachyury-related factors | TCACACCTAGGTGTGAAATT,Class: T-Box factors,Superclass: Immunoglobulin fold
Tbx20(T-box),,Family: TBX1-related factors,Class: T-Box factors,Superclass: Immunoglobulin fold
Tbx10+M1628,,Family: TBX1-related factors,Class: T-Box factors,Superclass: Immunoglobulin fold
Tbx4+M1627,,Family: TBX2-related factors | AGGTGTGAG,Class: T-Box factors,Superclass: Immunoglobulin fold
Tbx2+M1626,,Family: TBX2-related factors | AGGTGTGAG,Class: T-Box factors,Superclass: Immunoglobulin fold
Tbx5(T-box),,Family: TBX2-related factors | AGGTGTGAG,Class: T-Box factors,Superclass: Immunoglobulin fold
Tbx3+M1630,,Family: TBX2-related factors | AGGTGTGAG,Class: T-Box factors,Superclass: Immunoglobulin fold
Tbx6(T-box),,Family: TBX6-related factors | AATTTCACACCTAGGTGTGAAATT,Class: T-Box factors,Superclass: Immunoglobulin fold
Tbet(T-box),,Family: TBrain-related factors | AGGTGTGAA,Class: T-Box factors,Superclass: Immunoglobulin fold
Eomes(T-box),,Family: TBrain-related factors | AGGTGTGAA,Class: T-Box factors,Superclass: Immunoglobulin fold
Tbx21(T-box),,Family: TBrain-related factors | AGGTGTGAA,Class: T-Box factors,Superclass: Immunoglobulin fold
Tbr1(T-box),,Family: TBrain-related factors | AGGTGTGAA,Class: T-Box factors,Superclass: Immunoglobulin fold
p63(p53),,Family: p53-related factors | GGACATGCCCGGGCATGTCC,Class: p53 domain factors,Superclass: Immunoglobulin fold
Nfya+M1890,,Family: Heteromeric CCAAT-binding factors | CCAAT,Class: Heteromeric CCAAT-binding factors,Superclass: Other all-a-helical DNA-binding domains
Cic+M1581,Subfamily: Further Sox-related factors | TTCATTCAA,Family: SOX-related factors | ACAA,Class: High-mobility group (HMG) domain factors,Superclass: Other all-a-helical DNA-binding domains
Sox3(HMG),Subfamily: Group B | AACAAAG,Family: SOX-related factors | ACAA,Class: High-mobility group (HMG) domain factors,Superclass: Other all-a-helical DNA-binding domains
Sox21+M1599,Subfamily: Group B | AACAAAG,Family: SOX-related factors | ACAA,Class: High-mobility group (HMG) domain factors,Superclass: Other all-a-helical DNA-binding domains
Sox14+M1596,Subfamily: Group B | AACAAAG,Family: SOX-related factors | ACAA,Class: High-mobility group (HMG) domain factors,Superclass: Other all-a-helical DNA-binding domains
Sox2(HMG),Subfamily: Group B | AACAAAG,Family: SOX-related factors | ACAA,Class: High-mobility group (HMG) domain factors,Superclass: Other all-a-helical DNA-binding domains
Sox4(HMG),Subfamily: Group C | AACAAAGG,Family: SOX-related factors | ACAA,Class: High-mobility group (HMG) domain factors,Superclass: Other all-a-helical DNA-binding domains
Sox12+M1594,Subfamily: Group C | AACAAAGG,Family: SOX-related factors | ACAA,Class: High-mobility group (HMG) domain factors,Superclass: Other all-a-helical DNA-binding domains
Sox6(HMG),Subfamily: Group D | AACAAT,Family: SOX-related factors | ACAA,Class: High-mobility group (HMG) domain factors,Superclass: Other all-a-helical DNA-binding domains
Sox5+M1914,Subfamily: Group D | AACAAT,Family: SOX-related factors | ACAA,Class: High-mobility group (HMG) domain factors,Superclass: Other all-a-helical DNA-binding domains
Sox9(HMG),Subfamily: Group E | AAACAAAGG,Family: SOX-related factors | ACAA,Class: High-mobility group (HMG) domain factors,Superclass: Other all-a-helical DNA-binding domains
Sox10(HMG),Subfamily: Group E | AAACAAAGG,Family: SOX-related factors | ACAA,Class: High-mobility group (HMG) domain factors,Superclass: Other all-a-helical DNA-binding domains
Sox17(HMG),Subfamily: Group F | AACAAT,Family: SOX-related factors | ACAA,Class: High-mobility group (HMG) domain factors,Superclass: Other all-a-helical DNA-binding domains
Sox15(HMG),Subfamily: Group G,Family: SOX-related factors | ACAA,Class: High-mobility group (HMG) domain factors,Superclass: Other all-a-helical DNA-binding domains
Tcf3(HMG),,Family: TCF-7-related factors | TTCAAAG,Class: High-mobility group (HMG) domain factors,Superclass: Other all-a-helical DNA-binding domains
Tcf7l2+M1585,,Family: TCF-7-related factors | TTCAAAG,Class: High-mobility group (HMG) domain factors,Superclass: Other all-a-helical DNA-binding domains
Tcf4(HMG),,Family: TCF-7-related factors | TTCAAAG,Class: High-mobility group (HMG) domain factors,Superclass: Other all-a-helical DNA-binding domains
LEF1(HMG),,Family: TCF-7-related factors | TTCAAAG,Class: High-mobility group (HMG) domain factors,Superclass: Other all-a-helical DNA-binding domains
Tcf7l1+M1598,,Family: TCF-7-related factors | TTCAAAG,Class: High-mobility group (HMG) domain factors,Superclass: Other all-a-helical DNA-binding domains
Tcf7(HMG),,Family: TCF-7-related factors | TTCAAAG,Class: High-mobility group (HMG) domain factors,Superclass: Other all-a-helical DNA-binding domains
NRF1(NRF),,Family: NRF | CGCATGCGCA,,Superclass: Yet undefined DNA-binding domains
Bcl11a(Zf),Subfamily: BCL11,Family: Factors with multiple dispersed zinc fingers,Class: C2H2 zinc finger factors,Superclass: Zinc-coordinating DNA-binding domains
Mecom+M1861,Subfamily: Evi-1-like factors | ACAAGATAA,Family: Factors with multiple dispersed zinc fingers,Class: C2H2 zinc finger factors,Superclass: Zinc-coordinating DNA-binding domains
Hivep1+M6544,Subfamily: HIV EP-factors | GGGACTTTCC,Family: Factors with multiple dispersed zinc fingers,Class: C2H2 zinc finger factors,Superclass: Zinc-coordinating DNA-binding domains
SHN3(AP2EREBP),Subfamily: HIV EP-factors | GGGACTTTCC,Family: Factors with multiple dispersed zinc fingers,Class: C2H2 zinc finger factors,Superclass: Zinc-coordinating DNA-binding domains
HIC1(Zf),Subfamily: Hypermethylated in Cancer proteins | GGGTGCCCGG,Family: Factors with multiple dispersed zinc fingers,Class: C2H2 zinc finger factors,Superclass: Zinc-coordinating DNA-binding domains
Patz1+M3546,Subfamily: MAZ-like factors | GGGGAGGG,Family: Factors with multiple dispersed zinc fingers,Class: C2H2 zinc finger factors,Superclass: Zinc-coordinating DNA-binding domains
Maz(Zf),Subfamily: MAZ-like factors | GGGGAGGG,Family: Factors with multiple dispersed zinc fingers,Class: C2H2 zinc finger factors,Superclass: Zinc-coordinating DNA-binding domains
Zbtb1+M0413,Subfamily: ZBTB1-like factors,Family: Factors with multiple dispersed zinc fingers,Class: C2H2 zinc finger factors,Superclass: Zinc-coordinating DNA-binding domains
ZNF382(Zf),Subfamily: ZNF37A-like factors,Family: Factors with multiple dispersed zinc fingers,Class: C2H2 zinc finger factors,Superclass: Zinc-coordinating DNA-binding domains
Zfp711+M0403,Subfamily: ZNF639-like factors,Family: Factors with multiple dispersed zinc fingers,Class: C2H2 zinc finger factors,Superclass: Zinc-coordinating DNA-binding domains
Zscan20+M0440,Subfamily: unclassified,Family: Factors with multiple dispersed zinc fingers,Class: C2H2 zinc finger factors,Superclass: Zinc-coordinating DNA-binding domains
ZNF467(Zf),Subfamily: unclassified,Family: Factors with multiple dispersed zinc fingers,Class: C2H2 zinc finger factors,Superclass: Zinc-coordinating DNA-binding domains
PRDM9(Zf),Subfamily: unclassified,Family: Factors with multiple dispersed zinc fingers,Class: C2H2 zinc finger factors,Superclass: Zinc-coordinating DNA-binding domains
Zbtb4+M6540,Subfamily: unclassified,Family: Factors with multiple dispersed zinc fingers,Class: C2H2 zinc finger factors,Superclass: Zinc-coordinating DNA-binding domains
Rreb1+M1901,Subfamily: unclassified,Family: Factors with multiple dispersed zinc fingers,Class: C2H2 zinc finger factors,Superclass: Zinc-coordinating DNA-binding domains
Zfp128+M0438,Subfamily: unclassified,Family: Factors with multiple dispersed zinc fingers,Class: C2H2 zinc finger factors,Superclass: Zinc-coordinating DNA-binding domains
Zkscan5+M0435,Subfamily: unclassified,Family: Factors with multiple dispersed zinc fingers,Class: C2H2 zinc finger factors,Superclass: Zinc-coordinating DNA-binding domains
BORIS(Zf),Subfamily: CTCF-like factors,Family: More than 3 adjacent zinc finger factors,Class: C2H2 zinc finger factors,Superclass: Zinc-coordinating DNA-binding domains
CTCF(Zf),Subfamily: CTCF-like factors,Family: More than 3 adjacent zinc finger factors,Class: C2H2 zinc finger factors,Superclass: Zinc-coordinating DNA-binding domains
Fezf1+M4840,Subfamily: FEZF factors,Family: More than 3 adjacent zinc finger factors,Class: C2H2 zinc finger factors,Superclass: Zinc-coordinating DNA-binding domains
Gfi1b(Zf),Subfamily: GFI1 factors | AAATCACAGC,Family: More than 3 adjacent zinc finger factors,Class: C2H2 zinc finger factors,Superclass: Zinc-coordinating DNA-binding domains
Zic5+M0422,Subfamily: GLI-like factors | TGGGTGGTC,Family: More than 3 adjacent zinc finger factors,Class: C2H2 zinc finger factors,Superclass: Zinc-coordinating DNA-binding domains
Zic1+M0412,Subfamily: GLI-like factors | TGGGTGGTC,Family: More than 3 adjacent zinc finger factors,Class: C2H2 zinc finger factors,Superclass: Zinc-coordinating DNA-binding domains
Zic3(Zf),Subfamily: GLI-like factors | TGGGTGGTC,Family: More than 3 adjacent zinc finger factors,Class: C2H2 zinc finger factors,Superclass: Zinc-coordinating DNA-binding domains
Zic(Zf),Subfamily: GLI-like factors | TGGGTGGTC,Family: More than 3 adjacent zinc finger factors,Class: C2H2 zinc finger factors,Superclass: Zinc-coordinating DNA-binding domains
Zic2+M0439,Subfamily: GLI-like factors | TGGGTGGTC,Family: More than 3 adjacent zinc finger factors,Class: C2H2 zinc finger factors,Superclass: Zinc-coordinating DNA-binding domains
Glis2+M0393,Subfamily: GLI-like factors | TGGGTGGTC,Family: More than 3 adjacent zinc finger factors,Class: C2H2 zinc finger factors,Superclass: Zinc-coordinating DNA-binding domains
GLIS3(Zf),Subfamily: GLI-like factors | TGGGTGGTC,Family: More than 3 adjacent zinc finger factors,Class: C2H2 zinc finger factors,Superclass: Zinc-coordinating DNA-binding domains
Mtf1+M0407,Subfamily: MTF1-like factors | TGCACAC,Family: More than 3 adjacent zinc finger factors,Class: C2H2 zinc finger factors,Superclass: Zinc-coordinating DNA-binding domains
Ovol1+M6402,Subfamily: OVOL-factors | GCGGGGG,Family: More than 3 adjacent zinc finger factors,Class: C2H2 zinc finger factors,Superclass: Zinc-coordinating DNA-binding domains
PRDM1(Zf),Subfamily: PRDM1-like factors | AAGTGAAAGT,Family: More than 3 adjacent zinc finger factors,Class: C2H2 zinc finger factors,Superclass: Zinc-coordinating DNA-binding domains
Scrt2+M5805,Subfamily: Snail-like factors | CACCTG,Family: More than 3 adjacent zinc finger factors,Class: C2H2 zinc finger factors,Superclass: Zinc-coordinating DNA-binding domains
Slug(Zf),Subfamily: Snail-like factors | CACCTG,Family: More than 3 adjacent zinc finger factors,Class: C2H2 zinc finger factors,Superclass: Zinc-coordinating DNA-binding domains
Snai1+M0424,Subfamily: Snail-like factors | CACCTG,Family: More than 3 adjacent zinc finger factors,Class: C2H2 zinc finger factors,Superclass: Zinc-coordinating DNA-binding domains
SCRT1(Zf),Subfamily: Snail-like factors | CACCTG,Family: More than 3 adjacent zinc finger factors,Class: C2H2 zinc finger factors,Superclass: Zinc-coordinating DNA-binding domains
YY1(Zf),Subfamily: YY1-like factors | GCCATCTTG,Family: More than 3 adjacent zinc finger factors,Class: C2H2 zinc finger factors,Superclass: Zinc-coordinating DNA-binding domains
ZNF692(Zf),Subfamily: ZFP91-like factors,Family: More than 3 adjacent zinc finger factors,Class: C2H2 zinc finger factors,Superclass: Zinc-coordinating DNA-binding domains
ZBTB18(Zf),Subfamily: ZNF238-like factors | AACATCTGGA,Family: More than 3 adjacent zinc finger factors,Class: C2H2 zinc finger factors,Superclass: Zinc-coordinating DNA-binding domains
ZNF322(Zf),Subfamily: ZNF322-like factors,Family: More than 3 adjacent zinc finger factors,Class: C2H2 zinc finger factors,Superclass: Zinc-coordinating DNA-binding domains
ZNF652,Subfamily: ZNF652-like factors,Family: More than 3 adjacent zinc finger factors,Class: C2H2 zinc finger factors,Superclass: Zinc-coordinating DNA-binding domains
Zfp523+M1915,Subfamily: ZNF76-like factors | CCCATCATGCCTTGC,Family: More than 3 adjacent zinc finger factors,Class: C2H2 zinc finger factors,Superclass: Zinc-coordinating DNA-binding domains
WT1(Zf),Subfamily: unclassified,Family: More than 3 adjacent zinc finger factors,Class: C2H2 zinc finger factors,Superclass: Zinc-coordinating DNA-binding domains
Znf263(Zf),Subfamily: unclassified,Family: More than 3 adjacent zinc finger factors,Class: C2H2 zinc finger factors,Superclass: Zinc-coordinating DNA-binding domains
Zbtb49+M5959,Subfamily: unclassified,Family: More than 3 adjacent zinc finger factors,Class: C2H2 zinc finger factors,Superclass: Zinc-coordinating DNA-binding domains
Zfp691+M0428,Subfamily: unclassified,Family: More than 3 adjacent zinc finger factors,Class: C2H2 zinc finger factors,Superclass: Zinc-coordinating DNA-binding domains
Osr2+M0396,Subfamily: unclassified,Family: More than 3 adjacent zinc finger factors,Class: C2H2 zinc finger factors,Superclass: Zinc-coordinating DNA-binding domains
Zfp161+M0432,Subfamily: unclassified,Family: More than 3 adjacent zinc finger factors,Class: C2H2 zinc finger factors,Superclass: Zinc-coordinating DNA-binding domains
ZSCAN22(Zf),Subfamily: unclassified,Family: More than 3 adjacent zinc finger factors,Class: C2H2 zinc finger factors,Superclass: Zinc-coordinating DNA-binding domains
Mzf1+M0410,Subfamily: unclassified,Family: More than 3 adjacent zinc finger factors,Class: C2H2 zinc finger factors,Superclass: Zinc-coordinating DNA-binding domains
ZNF317(Zf),Subfamily: unclassified,Family: More than 3 adjacent zinc finger factors,Class: C2H2 zinc finger factors,Superclass: Zinc-coordinating DNA-binding domains
ZFP3(Zf),Subfamily: unclassified,Family: More than 3 adjacent zinc finger factors,Class: C2H2 zinc finger factors,Superclass: Zinc-coordinating DNA-binding domains
MYNN(Zf),Subfamily: unclassified,Family: More than 3 adjacent zinc finger factors,Class: C2H2 zinc finger factors,Superclass: Zinc-coordinating DNA-binding domains
ZBTB33(Zf),Subfamily: Factors with 2-3 adjacent zinc fingers | TCCTGCTA,Family: Other factors with up to three adjacent zinc fingers,Class: C2H2 zinc finger factors,Superclass: Zinc-coordinating DNA-binding domains
Osr1+M0431,Subfamily: Other three adjacent zinc finger factors,Family: Other factors with up to three adjacent zinc fingers,Class: C2H2 zinc finger factors,Superclass: Zinc-coordinating DNA-binding domains
Zfp740+M6112,Subfamily: Other three adjacent zinc finger factors,Family: Other factors with up to three adjacent zinc fingers,Class: C2H2 zinc finger factors,Superclass: Zinc-coordinating DNA-binding domains
Egr2(Zf),Subfamily: EGR factors | GCGTGGGCG,Family: Three-zinc finger Krppel-related factors,Class: C2H2 zinc finger factors,Superclass: Zinc-coordinating DNA-binding domains
Egr1(Zf),Subfamily: EGR factors | GCGTGGGCG,Family: Three-zinc finger Krppel-related factors,Class: C2H2 zinc finger factors,Superclass: Zinc-coordinating DNA-binding domains
Egr4+M3630,Subfamily: EGR factors | GCGTGGGCG,Family: Three-zinc finger Krppel-related factors,Class: C2H2 zinc finger factors,Superclass: Zinc-coordinating DNA-binding domains
Egr3+M0414,Subfamily: EGR factors | GCGTGGGCG,Family: Three-zinc finger Krppel-related factors,Class: C2H2 zinc finger factors,Superclass: Zinc-coordinating DNA-binding domains
Klf12+M0443,Subfamily: Krppel-like factors | CCACACCCT,Family: Three-zinc finger Krppel-related factors,Class: C2H2 zinc finger factors,Superclass: Zinc-coordinating DNA-binding domains
KLF3(Zf),Subfamily: Krppel-like factors | CCACACCCT,Family: Three-zinc finger Krppel-related factors,Class: C2H2 zinc finger factors,Superclass: Zinc-coordinating DNA-binding domains
Klf8+M0421,Subfamily: Krppel-like factors | CCACACCCT,Family: Three-zinc finger Krppel-related factors,Class: C2H2 zinc finger factors,Superclass: Zinc-coordinating DNA-binding domains
Klf7+M0405,Subfamily: Krppel-like factors | CCACACCCT,Family: Three-zinc finger Krppel-related factors,Class: C2H2 zinc finger factors,Superclass: Zinc-coordinating DNA-binding domains
EKLF(Zf),Subfamily: Krppel-like factors | CCACACCCT,Family: Three-zinc finger Krppel-related factors,Class: C2H2 zinc finger factors,Superclass: Zinc-coordinating DNA-binding domains
Klf9(Zf),Subfamily: Krppel-like factors | CCACACCCT,Family: Three-zinc finger Krppel-related factors,Class: C2H2 zinc finger factors,Superclass: Zinc-coordinating DNA-binding domains
KLF5(Zf),Subfamily: Krppel-like factors | CCACACCCT,Family: Three-zinc finger Krppel-related factors,Class: C2H2 zinc finger factors,Superclass: Zinc-coordinating DNA-binding domains
KLF6(Zf),Subfamily: Krppel-like factors | CCACACCCT,Family: Three-zinc finger Krppel-related factors,Class: C2H2 zinc finger factors,Superclass: Zinc-coordinating DNA-binding domains
Klf4(Zf),Subfamily: Krppel-like factors | CCACACCCT,Family: Three-zinc finger Krppel-related factors,Class: C2H2 zinc finger factors,Superclass: Zinc-coordinating DNA-binding domains
Klf1+M2294,Subfamily: Krppel-like factors | CCACACCCT,Family: Three-zinc finger Krppel-related factors,Class: C2H2 zinc finger factors,Superclass: Zinc-coordinating DNA-binding domains
KLF10(Zf),Subfamily: Krppel-like factors | CCACACCCT,Family: Three-zinc finger Krppel-related factors,Class: C2H2 zinc finger factors,Superclass: Zinc-coordinating DNA-binding domains
Sp9+M5856,Subfamily: Sp1-like factors | GGGGCGGGG,Family: Three-zinc finger Krppel-related factors,Class: C2H2 zinc finger factors,Superclass: Zinc-coordinating DNA-binding domains
Sp2(Zf),Subfamily: Sp1-like factors | GGGGCGGGG,Family: Three-zinc finger Krppel-related factors,Class: C2H2 zinc finger factors,Superclass: Zinc-coordinating DNA-binding domains
Sp5(Zf),Subfamily: Sp1-like factors | GGGGCGGGG,Family: Three-zinc finger Krppel-related factors,Class: C2H2 zinc finger factors,Superclass: Zinc-coordinating DNA-binding domains
Sp1(Zf),Subfamily: Sp1-like factors | GGGGCGGGG,Family: Three-zinc finger Krppel-related factors,Class: C2H2 zinc finger factors,Superclass: Zinc-coordinating DNA-binding domains
Sp4+M0401,Subfamily: Sp1-like factors | GGGGCGGGG,Family: Three-zinc finger Krppel-related factors,Class: C2H2 zinc finger factors,Superclass: Zinc-coordinating DNA-binding domains
KLF14(Zf),Subfamily: Sp1-like factors | GGGGCGGGG,Family: Three-zinc finger Krppel-related factors,Class: C2H2 zinc finger factors,Superclass: Zinc-coordinating DNA-binding domains
Myt1l+M0574,,Family: Myelin transcription factor-related proteins | AAGTT,Class: C2HC zinc finger factors,Superclass: Zinc-coordinating DNA-binding domains
Cxxc1+M0603,,Family: CpG-binding proteins,Class: CXXC zinc finger factors,Superclass: Zinc-coordinating DNA-binding domains
Mbd1+M0613,,Family: CpG-binding proteins,Class: CXXC zinc finger factors,Superclass: Zinc-coordinating DNA-binding domains
DMRT1(DM),,Family: DMRT | TGATACATTGTTGC,Class: DM-type intertwined zinc finger factors,Superclass: Zinc-coordinating DNA-binding domains
Dmrt3+M0629,,Family: DMRT | TGATACATTGTTGC,Class: DM-type intertwined zinc finger factors,Superclass: Zinc-coordinating DNA-binding domains
Dmrta1+M0641,,Family: DMRT | TGATACATTGTTGC,Class: DM-type intertwined zinc finger factors,Superclass: Zinc-coordinating DNA-binding domains
Dmrtc2+M0635,,Family: DMRT | TGATACATTGTTGC,Class: DM-type intertwined zinc finger factors,Superclass: Zinc-coordinating DNA-binding domains
Nr4a2+M1450,,Family: NGFI-B-related receptors (NR4) | TGACCTTT,Class: Nuclear receptors with C4 zinc fingers,Superclass: Zinc-coordinating DNA-binding domains
Nur77(NR),,Family: NGFI-B-related receptors (NR4) | TGACCTTT,Class: Nuclear receptors with C4 zinc fingers,Superclass: Zinc-coordinating DNA-binding domains
Nr4a3+M6395,,Family: NGFI-B-related receptors (NR4) | TGACCTTT,Class: Nuclear receptors with C4 zinc fingers,Superclass: Zinc-coordinating DNA-binding domains
COUP-TFII(NR),Subfamily: COUP-like receptors (NR2F) | TGACCTTTGACCT,Family: RXR-related receptors (NR2) | (TGACCT),Class: Nuclear receptors with C4 zinc fingers,Superclass: Zinc-coordinating DNA-binding domains
Hnf4g+M2286,Subfamily: HNF-4 (NR2A) | AGTCCAAAGTTCA,Family: RXR-related receptors (NR2) | (TGACCT),Class: Nuclear receptors with C4 zinc fingers,Superclass: Zinc-coordinating DNA-binding domains
"HNF4a(NR),DR1",Subfamily: HNF-4 (NR2A) | AGTCCAAAGTTCA,Family: RXR-related receptors (NR2) | (TGACCT),Class: Nuclear receptors with C4 zinc fingers,Superclass: Zinc-coordinating DNA-binding domains
Nr2e1+M6057,Subfamily: Tailless-like receptors (NR2E) | TGACCTTTGACCT,Family: RXR-related receptors (NR2) | (TGACCT),Class: Nuclear receptors with C4 zinc fingers,Superclass: Zinc-coordinating DNA-binding domains
Nr2e3+M1973,Subfamily: Tailless-like receptors (NR2E) | TGACCTTTGACCT,Family: RXR-related receptors (NR2) | (TGACCT),Class: Nuclear receptors with C4 zinc fingers,Superclass: Zinc-coordinating DNA-binding domains
Nr2c2+M4549,Subfamily: Testicular receptors (NR2C) | TGACCTCTGACCT,Family: RXR-related receptors (NR2) | (TGACCT),Class: Nuclear receptors with C4 zinc fingers,Superclass: Zinc-coordinating DNA-binding domains
Esr1+M1444,Subfamily: ER-like receptors (NR3A&B) | AGGTCACAGTGACCT,Family: Steroid hormone receptors (NR3),Class: Nuclear receptors with C4 zinc fingers,Superclass: Zinc-coordinating DNA-binding domains
Ar+M1456,Subfamily: GR-like receptors (NR3C) | AGAACATGATGTTCT,Family: Steroid hormone receptors (NR3),Class: Nuclear receptors with C4 zinc fingers,Superclass: Zinc-coordinating DNA-binding domains
PR(NR),Subfamily: GR-like receptors (NR3C) | AGAACATGATGTTCT,Family: Steroid hormone receptors (NR3),Class: Nuclear receptors with C4 zinc fingers,Superclass: Zinc-coordinating DNA-binding domains
PGR(NR),Subfamily: GR-like receptors (NR3C) | AGAACATGATGTTCT,Family: Steroid hormone receptors (NR3),Class: Nuclear receptors with C4 zinc fingers,Superclass: Zinc-coordinating DNA-binding domains
Nr3c1+M1935,Subfamily: GR-like receptors (NR3C) | AGAACATGATGTTCT,Family: Steroid hormone receptors (NR3),Class: Nuclear receptors with C4 zinc fingers,Superclass: Zinc-coordinating DNA-binding domains
"PPARa(NR),DR1",Subfamily: PPAR (NR1C) | TGACCTTTGACCT,Family: Thyroid hormone receptor-related factors (NR1),Class: Nuclear receptors with C4 zinc fingers,Superclass: Zinc-coordinating DNA-binding domains
RORg(NR),Subfamily: ROR (NR1F) | TGACCTACTTAT,Family: Thyroid hormone receptor-related factors (NR1),Class: Nuclear receptors with C4 zinc fingers,Superclass: Zinc-coordinating DNA-binding domains
Rorc+M6455,Subfamily: ROR (NR1F) | TGACCTACTTAT,Family: Thyroid hormone receptor-related factors (NR1),Class: Nuclear receptors with C4 zinc fingers,Superclass: Zinc-coordinating DNA-binding domains
RORa(NR),Subfamily: ROR (NR1F) | TGACCTACTTAT,Family: Thyroid hormone receptor-related factors (NR1),Class: Nuclear receptors with C4 zinc fingers,Superclass: Zinc-coordinating DNA-binding domains
Gata6(Zf),Subfamily: Two zinc-finger GATA factors | AGATAA,Family: GATA-type zinc fingers,Class: Other C4 zinc finger-type factors,Superclass: Zinc-coordinating DNA-binding domains
Gata1(Zf),Subfamily: Two zinc-finger GATA factors | AGATAA,Family: GATA-type zinc fingers,Class: Other C4 zinc finger-type factors,Superclass: Zinc-coordinating DNA-binding domains
GATA4(C2C2gata),Subfamily: Two zinc-finger GATA factors | AGATAA,Family: GATA-type zinc fingers,Class: Other C4 zinc finger-type factors,Superclass: Zinc-coordinating DNA-binding domains
GATA1(C2C2gata),Subfamily: Two zinc-finger GATA factors | AGATAA,Family: GATA-type zinc fingers,Class: Other C4 zinc finger-type factors,Superclass: Zinc-coordinating DNA-binding domains
"GATA3(Zf),DR8",Subfamily: Two zinc-finger GATA factors | AGATAA,Family: GATA-type zinc fingers,Class: Other C4 zinc finger-type factors,Superclass: Zinc-coordinating DNA-binding domains
GATA3(Zf),Subfamily: Two zinc-finger GATA factors | AGATAA,Family: GATA-type zinc fingers,Class: Other C4 zinc finger-type factors,Superclass: Zinc-coordinating DNA-binding domains
"GATA3(Zf),DR4",Subfamily: Two zinc-finger GATA factors | AGATAA,Family: GATA-type zinc fingers,Class: Other C4 zinc finger-type factors,Superclass: Zinc-coordinating DNA-binding domains
Gata4(Zf),Subfamily: Two zinc-finger GATA factors | AGATAA,Family: GATA-type zinc fingers,Class: Other C4 zinc finger-type factors,Superclass: Zinc-coordinating DNA-binding domains
Gata2(Zf),Subfamily: Two zinc-finger GATA factors | AGATAA,Family: GATA-type zinc fingers,Class: Other C4 zinc finger-type factors,Superclass: Zinc-coordinating DNA-binding domains
GATA6(C2C2gata),Subfamily: Two zinc-finger GATA factors | AGATAA,Family: GATA-type zinc fingers,Class: Other C4 zinc finger-type factors,Superclass: Zinc-coordinating DNA-binding domains
Gata5+M0784,Subfamily: Two zinc-finger GATA factors | AGATAA,Family: GATA-type zinc fingers,Class: Other C4 zinc finger-type factors,Superclass: Zinc-coordinating DNA-binding domains
Mef2c(MADS),Subfamily: MEF-2 | CTAAAAATAG,Family: Regulators of differentiation | CTAAAAATAG,Class: MADS box factors,Superclass:a-Helices exposed byb-structures
Mef2d(MADS),Subfamily: MEF-2 | CTAAAAATAG,Family: Regulators of differentiation | CTAAAAATAG,Class: MADS box factors,Superclass:a-Helices exposed byb-structures
Mef2b(MADS),Subfamily: MEF-2 | CTAAAAATAG,Family: Regulators of differentiation | CTAAAAATAG,Class: MADS box factors,Superclass:a-Helices exposed byb-structures
Mef2a(MADS),Subfamily: MEF-2 | CTAAAAATAG,Family: Regulators of differentiation | CTAAAAATAG,Class: MADS box factors,Superclass:a-Helices exposed byb-structures
Gmeb1+M1550,Subfamily: GMEB,Family: GMEB | CTTCTGTATGAGCGCCAGTAT,Class: SAND domain factors,Superclass:a-Helices exposed byb-structures
Gmeb2+M1551,Subfamily: GMEB,Family: GMEB | CTTCTGTATGAGCGCCAGTAT,Class: SAND domain factors,Superclass:a-Helices exposed byb-structures
Sp100+M1549,Subfamily: Sp100,Family: Sp140/Sp100,Class: SAND domain factors,Superclass:a-Helices exposed byb-structures
Gcm1+M0812,,Family: GCM factors,Class: GCM domain factors,Superclass:b-Hairpin exposed by ana/b-scaffold
Nfix+M5664,,Family: Nuclear factor 1 | TTGGCTATATGCCAA,Class: SMAD/NF-1 DNA-binding domain factors,Superclass:b-Hairpin exposed by ana/b-scaffold
Smad4(MAD),Subfamily: Co-activating Smads (Co-Smad),Family: SMAD factors | GTCTAGAC,Class: SMAD/NF-1 DNA-binding domain factors,Superclass:b-Hairpin exposed by ana/b-scaffold
Smad2(MAD),Subfamily: Regulatory Smads (R-Smad),Family: SMAD factors | GTCTAGAC,Class: SMAD/NF-1 DNA-binding domain factors,Superclass:b-Hairpin exposed by ana/b-scaffold
Smad3(MAD),Subfamily: Regulatory Smads (R-Smad),Family: SMAD factors | GTCTAGAC,Class: SMAD/NF-1 DNA-binding domain factors,Superclass:b-Hairpin exposed by ana/b-scaffold
Hmga2+M0132,,Family: HMGA factors | GGAAATT,Class: A.T hook factors,Superclass:b-Sheet binding to DNA
